equipnum,serialnum,apprtype,owner_name,region_name,substn_name,designation,norm_name,fluidtype,eqp_desc,mfr,year_mfg,model,kv_ratings,mva_ratings,ratedkv,ratedamps,oilpres,cooling,fluidvol,has_filtration,temp_rise,triphase,pct_impedance_hx,external_id,in_service,spare,surveillance,eqp_remarks
670,P013261,XFMR,,4kv,,,TRN_IEEE_INC_69KV,OIL,POWER TRANSFORMER,GE,,,23.9,,0.000,,,,0,0,,1,,,1,,,
674,3622724,XFMR,,4kv,,,TRN_IEEE_INC_69KV,OIL,POWER TRANSFORMER,,,,23.9,,0.000,,,,0,,,1,,,1,,,
675,3622723,XFMR,,4kv,,,TRN_IEEE_INC_69KV,OIL,POWER TRANSFORMER,,,,23.9,,0.000,,,,0,,,1,,,1,,,
676,3622722,XFMR,,4kv,,,TRN_IEEE_INC_69KV,OIL,POWER TRANSFORMER,,,,23.9,,0.000,,,,0,,,1,,,1,,,
307,Q115203-TVH,XFMR,,4kv,,,TRN_IEEE_INC_69KV,OIL,,GE,,,,,0.000,,,,0,,,,,GAF INDUSTRIES,,,,
663,17891-001,XFMR,,4kv,,,TRN_IEEE_INC_69KV,OIL,,CARTE,,,,,0.000,,,,0,,,,,,,,,
585,99J892137,XFMR,,4kv,,,TRN_IEEE_INC_69KV,OIL,,ABB,,,,,0.000,,,,0,,,,,,,,,
660,3775099,XFMR,,4kv,,,TRN_IEEE_INC_69KV,OIL,,WESTINGHOUSE,,,,,15.200,,,,875,,,,,,,,,
664,C011158,XFMR,,4kv,,,,OIL,,,1994,,,,,,,,,,,,,,,,,
520,7350420,XFMR,,4kv,,,TRN_IEEE_INC_69KV,OIL,,WESTINGHOUSE,,,,,0.000,,,,0,,,,,,,,,
383,30307621950,XFMR,,4kv,68-55-814,,TRN_CPS_ESTER_INC_69KV,ESTER,,ERMCO,,,,,24.900,,,,0,,,,,BIO TRANS,,,,
469,0240464TNJ,XFMR,,4kv,9654-802,,TRN_IEEE_INC_69KV,OIL,,GE,,,,,0.000,,,,0,,,,,,,,,
661,3775099TC,LTC,,,???,,LTC_GENERIC,OIL,POWER TRANSFORMER,WESTINGHOUSE,,,,,0.000,,FREE-BREATHING,,0,0,,1,,,1,,,
10049543,70695-A,LTC,,OLTC,AIRPORT,T2,LTC_VACUUM_A,OIL,SubTranLTC,REINHAUSEN,2000,RMV,161.7,67.2,161.000,,DESSICANT-BREATHING,OTHER,0,0,,1,,T2,1,0,0,
10049543,70695-A,XFMR,,161/69,AIRPORT,T2,TRN_IEEE_INC_69_288KV,OIL,SubTranLTC,WAUKESHA,2000,,161.7,67.2,161.000,,CONSERVATOR/DIAPHRAGM,OA/FA/FA,8500,0,,1,,T-2,1,0,,
10049544,70695-B,LTC,,OLTC,AIRPORT,T3,LTC_VACUUM_A,OIL,SubTranLTC,REINHAUSEN,2000,RMV,161.7,67.2,161.700,,DESSICANT-BREATHING,OTHER,0,0,,1,,T3,1,0,0,
10049544,70695-B,XFMR,,161/69,AIRPORT,T3,TRN_IEEE_INC_69_288KV,OIL,SubTranLTC,WAUKESHA,2000,,161.7,67.2,161.000,,CONSERVATOR/DIAPHRAGM,OA/FA/FA,8500,0,,1,,T-3,1,0,,
00003-A,C585983-00003-A,XFMR,,4kv,ALEXANDER 4KV,,TRN_IEEE_INC_69KV,OIL,,GE,,,,,13.200,,,,830,0,,1,,,1,,,
10049355,9806401093,LTC,,OLTC,ANTIOCH,T1,LTC_NONDIVERTER_A,OIL,SubTranLTC,MCGE,1993,550 B,69,44.8,69.000,,FREE-BREATHING,OTHER,0,0,,,,T1,1,0,0,McGraw Edison rewound by Southwest Electric in 1993.
10049355,9806401093,XFMR,,161/69,ANTIOCH,T1,TRN_IEEE_INC_69KV,OIL,SubTranLTC,MCGE-SWE,1999,,69,44.8,69.000,,INERT GAS-PRESSURE,OA/FA/FA,6753,0,,1,,T-1,1,0,,Rebuilt by Southwest 1999.
10049556,19770801,LTC,,OLTC,ANTIOCH,T2,LTC_VACUUM_A,OIL,SubTranLTC,REINHAUSEN,2000,RMV,69,44.8,69.000,,DESSICANT-BREATHING,OTHER,0,0,,,,T2,1,0,,Rewound by UST in 2000
10049556,19770801,XFMR,,161/69,ANTIOCH,T2,TRN_IEEE_INC_69KV,OIL,SubTranLTC,MCGE-SWE,2002,,69,44.8,69.000,,INERT GAS-PRESSURE,OA/FA/FA,6575,0,,1,,T-2,1,0,,
10049359,8278437,SEL,,OLTC,AVCO,T2,LTC_SELECTOR_A,OIL,SubTranLTC,GE,1946,LRT 59,69,20,69.000,,SEALED,OA/FA,0,1,,,,T-2,1,0,,TOP COMPARTMENT
10049359,8278437,XFMR,,161/69,AVCO,T2,TRN_IEEE_INC_69KV,OIL,SubTranLTC,GE,1946,,69,20,69.000,,INERT GAS-PRESSURE,OA/FA/FA,5860,0,,1,,T-2,1,0,,
10049359,8278437,DIV,,OLTC,AVCO,T2,LTC_DIVERTER_A,OIL,SubTranLTC,GE,1946,LRT 59,69,,69.000,,SEALED,,0,,,,,080-5TC,1,0,,BOTTOM COMPARTMENT.
10049360,5067767,DIV,,OLTC,AVCO,T3,LTC_DIVERTER_A,OIL,SubTranLTC,WEST,1951,UT,69,20,69.000,1200,FREE-BREATHING,,0,1,,,,T-3,1,0,0,DIVERTER IS IN FRONT TANK AND THE SELECTOR SWITCH IS IN MAIN TANK.
10049360,5067767,XFMR,,161/69,AVCO,T3,TRN_IEEE_INC_69KV,OIL,SubTranLTC,WEST,1951,,69,20,69.000,1200,INERT GAS-PRESSURE,OA/FA/FA,4280,0,,1,,T-3,1,0,,The OLTC Selector switch is located inside the main tank.
0077-10,3329228-0077-10,XFMR,,4kv,BATTLEFIELD,4KV,TRN_IEEE_INC_69KV,OIL,,ALLIS CHALMERS,,,,,13.800,,,,520,,,,,T-41973,,,,
00077-2,3329227-00077-2,XFMR,,4kv,BATTLEFIELD,4KV,TRN_IEEE_INC_69KV,OIL,,ALLIS CHALMERS,,,,,13.800,,,,520,,,,,T-41972,,,,
00077-1,3329226-00077-1,XFMR,,4kv,BATTLEFIELD,4KV,TRN_IEEE_INC_69KV,OIL,,ALLIS CHALMERS,,,,,13.800,,,,520,,,,,T-41971,,,,
10049361,D-561921,LTC,,OLTC,BATTLEFIELD,T1,LTC_NONDIVERTER_A,OIL,SubTranLTC,GE,1961,LRT 65,69,33.3,69.000,,SEALED,,0,1,,1,,T-1,1,0,,REACTOR IS IN THE MAIN TANK IN A BAFFLE. THE REACTOR SAMPLING VALVE IS AT THE BOTTOM OF THE TAPCHANGER CABINET.
10049361,D-561921,XFMR,,161/69,BATTLEFIELD,T1,TRN_IEEE_INC_69KV,OIL,SubTranLTC,GE,1962,,69,33.3,69.000,,CONSERVATOR,OA/FA/FA,8060,0,,1,,T-1,1,0,,
10049361,D-561921,OLTC REACTOR,,OLTC,BATTLEFIELD,T1,TRN_IEEE_INC_69KV,OIL,POWER TRANSFORMER,GE,1961,LRT 65 D3,69-13.8,,69.000,,INERT GAS-PRESSURE,OA/FA,0,0,,1,,,1,0,,"The reactor is located in the main tank. The sampling valve is usually located at the bottom of the LTC cabinet. Do not sample this routinely, only for fault analysis location."
10049362,6992970,DIV,,OLTC,BATTLEFIELD,T2,LTC_DIVERTER_A,OIL,SubTranLTC,WEST,1961,URT,69,33.3,69.000,,FREE-BREATHING,OTHER,0,0,,1,,T-2,1,0,0,DIVERTER IS IN BOTTOM TANK.
10049362,6992970,XFMR,,161/69,BATTLEFIELD,T2,TRN_IEEE_INC_69KV,OIL,SubTranLTC,WEST,1961,,69,33.3,69.000,,INERT GAS-PRESSURE,OA/FA/FA,7735,0,,1,,T-2,1,0,1,
10049362,6992970,SEL,,OLTC,BATTLEFIELD,T2,LTC_SELECTOR_A,OIL,SubTranLTC,WEST,1961,URT,69,33.3,69.000,,SEALED,OTHER,50,0,,1,,T-2,1,0,0,SELECTOR IS IN TOP COMPARTMENT.
10049363,D-552923,LTC,,OLTC,BATTLEFIELD,T3,LTC_NONDIVERTER_A,OIL,SubTranLTC,GE,1961,LRT 65 D3,69,33.3,69.000,,SEALED,,0,1,,1,,T-3,1,0,,REACTOR IS IN THE MAIN TANK IN A BAFFLE. THE REACTOR SAMPLING VALVE IS AT THE BOTTOM OF THE TAPCHANGER CABINET.
10049363,D-552923,XFMR,,161/69,BATTLEFIELD,T3,TRN_IEEE_INC_69KV,OIL,SubTranLTC,GE,1961,,69,33.3,69.000,,INERT GAS-PRESSURE,OA/FA/FA,8060,0,,1,,T-3,1,0,,
10049363,D-552923,OLTC REACTOR,,OLTC,BATTLEFIELD,T3,TRN_IEEE_INC_69KV,OIL,POWER TRANSFORMER,GE,1961,LRT 65 D3,69-13.8,44.8,69.000,,INERT GAS-PRESSURE,,0,1,,1,,,1,0,,"The reactor is located in the main tank. The sampling valve is usually located at the bottom of the LTC cabinet. Do not sample this routinely, only for fault analysis location."
10048534,0202A9156-201,OCB TANK 1,,,BELLEVUE,A2B,OCB_GENERIC,OIL,TANK 1,,,,,,69.000,,,,0,,,,,A2B TANK 1,1,0,,
10048534,0202A9156-201,OCB TANK 2,,,BELLEVUE,A2B,OCB_GENERIC,OIL,TANK 2,,,,,,0.000,,,,0,,,,,A2B TANK 2,,,,
10048534,0202A9156-201,OCB TANK 3,,,BELLEVUE,A2B,OCB_GENERIC,OIL,TANK 3,,,,,,0.000,,,,0,,,,,A2B TANK 3,,,,
10048535,0202A9156-202,OCB TANK 1,,,BELLEVUE,A3B,OCB_GENERIC,OIL,TANK 1,,,,,,0.000,,,,0,,,,,A3B TANK 1,,,,
10048535,0202A9156-202,OCB TANK 2,,,BELLEVUE,A3B,OCB_GENERIC,OIL,TANK 2,,,,,,0.000,,,,0,,,,,A3B TANK 3,,,,
10048535,0202A9156-202,OCB TANK 3,,,BELLEVUE,A3B,OCB_GENERIC,OIL,TANK 3,,,,,,0.000,,,,0,,,,,A3B TANK 2,,,,
10048536,0141A3058-201,OCB TANK 1,,,BELLEVUE,F1B,OCB_GENERIC,OIL,TANK 1,,,,,,0.000,,,,0,,,,,F1B TANK 1,,,,
10048536,0141A3058-201,OCB TANK 2,,,BELLEVUE,F1B,OCB_GENERIC,OIL,TANK 2,,,,,,0.000,,,,0,,,,,F1B TANK 2,,,,
10048536,0141A3058-201,OCB TANK 3,,,BELLEVUE,F1B,OCB_GENERIC,OIL,TANK 3,,,,,,0.000,,,,0,,,,,F1B TANK 3,,,,
10048537,2-37Y6194,OCB TANK 1,,,BELLEVUE,F2B,OCB_GENERIC,OIL,TANK 1,,,,,,0.000,,,,0,,,,,F2B TANK 1,,,,
10048537,2-37Y6194,OCB TANK 2,,,BELLEVUE,F2B,OCB_GENERIC,OIL,TANK 2,,,,,,0.000,,,,0,,,,,F2B TANK 2,,,,
10048537,2-3746194,OCB TANK 3,,,BELLEVUE,F2B,OCB_GENERIC,OIL,TANK 3,,,,,,0.000,,,,0,,,,,F2B TANK 3,,,,
10049159,27591,OCB,,,BELLEVUE,F4B,OCB_GENERIC,OIL,,,,,,,0.000,,,,0,,,,,F4B TANK 1,,,,
10048539,0141A3057-202,OCB,,,BELLEVUE,F5B,OCB_GENERIC,OIL,,,,,,,0.000,,,,0,,,,,F5B TANK 1,,,,
10048540,0141A3057-201,OCB,,,BELLEVUE,F6B,OCB_GENERIC,OIL,,,,,,,0.000,,,,0,,,,,F6B TANK 1,,,,
10048541,0141A3131-202,OCB,,,BELLEVUE,F7B,OCB_GENERIC,OIL,,,,,,,0.000,,,,0,,,,,F7B TANK 1,,,,
10048542,1-37Y6195,OCB,,,BELLEVUE,F8B,OCB_GENERIC,OIL,,,,,,,0.000,,,,0,,,,,F8B TANK 1,,,,
10048543,26682,OCB,,,BELLEVUE,F9B,OCB_GENERIC,OIL,,,,,,,0.000,,,,0,,,,,F9B TANK 1,,,,
10049364,C-06548-5-1,LTC,,OLTC,BELLEVUE,T1,LTC_NONDIVERTER_A,OIL,SubTranLTC,MCGE,1982,550 CS,69,44.8,69.000,,FREE-BREATHING,,188,0,,1,,T-1,1,0,,
10049364,C-06548-5-1,XFMR,,161/69,BELLEVUE,T1,TRN_IEEE_INC_69KV,OIL,SubTranLTC,MCGE,1982,,69,44.8,69.000,,INERT GAS-PRESSURE,OA/FA/FA,5025,0,,1,,T-1,1,0,,
10049365,01-8226-60990-1,LTC,,OLTC,BELLEVUE,T2,LTC_VACUUM_A,OIL,SubTranLTC,REINHAUSEN,1974,RMV,69,44.8,0.000,,DESSICANT-BREATHING,,345,0,,1,,T-2,1,0,0,
10049365,01-8226-60990-1,XFMR,,161/69,BELLEVUE,T2,TRN_IEEE_INC_69KV,OIL,SubTranLTC,AC,1974,,69,44.8,69.000,,FREE-BREATHING,OA/FA/FA,6399,0,,1,,T-2,1,0,,
156,PAR-87412-0000156,XFMR,,4kv,BELLSHIRE UN. #2,4kv,TRN_IEEE_INC_69KV,OIL,POWER TRANSFORMER,WESTINGHOUSE,,,,,0.000,,,,0,,,,,,,,,
10049366,C-04371-5-4,LTC,,OLTC,BORDEAUX,T1,LTC_NONDIVERTER_A,OIL,SubTranLTC,MCGE,1971,550 B,69,44.8,69.000,,FREE-BREATHING,,188,0,,1,,T-1,1,0,,
10049366,C-04371-5-4,XFMR,,161/69,BORDEAUX,T1,TRN_IEEE_INC_69KV,OIL,SubTranLTC,WEST,1971,,69,44.8,69.000,,FREE-BREATHING,OA/FA/FA,6575,0,,1,,T-1,1,0,,
10049367,C-04969-5-3,LTC,,OLTC,BORDEAUX,T2,LTC_NONDIVERTER_A,OIL,SubTranLTC,MCGE,1973,550 BL,69,44.8,69.000,,FREE-BREATHING,,188,0,,1,,T-2,1,0,,
10049367,C-04969-5-3,XFMR,,161/69,BORDEAUX,T2,TRN_IEEE_INC_69KV,OIL,SubTranLTC,MCGE,1973,,69,44.8,69.000,,INERT GAS-PRESSURE,OA/FA/FA,6750,0,,1,,T-2,1,0,,
10049409,C-04969-5-2,XFMR,,161/69,BRICKCHURCH PK,T1,TRN_IEEE_INC_69KV,OIL,SubTranLTC,OTC,2011,,69,44.8,69.000,1082,INERT GAS-PRESSURE,OA/FA/FA,6700,0,65,1,,,1,0,,McGraw Edison 1975 rebuilt by OTC in 2011.
10049409,C-04969-5-2,LTC,,OLTC,BRICKCHURCH PK,T1,LTC_VACUUM_A,OIL,SubTranLTC,REINHAUSEN,2011,RMV II,69,44.8,69.000,1082,INERT GAS-PRESSURE,OA/FA/FA,0,0,65,1,,,1,0,,"McGraw Edison 1975, rebuilt by OTC 2011."
10049408,60593,XFMR,,161/69,BRICKCHURCH PK,T2,TRN_IEEE_INC_69KV,OIL,SubTranLTC,OTC,2011,,69,44.8,69.000,1082,INERT GAS-PRESSURE,OA/FA/FA,6700,0,65,1,,,1,0,,McGraw Edison 1975 rebuilt by OTC in 2011.
10049408,60593,LTC,,OLTC,BRICKCHURCH PK,T2,LTC_VACUUM_A,OIL,SubTranLTC,REINHAUSEN,2011,RMV II,69,44.8,0.000,1082,INERT GAS-PRESSURE,OA/FA/FA,0,0,65,1,,,1,0,,"McGraw Edison 1975, rebuilt by OTC 2011."
10049335,A5513,LTC,,OLTC,CANE RIDGE,T1,LTC_RESISTIVE_A,OIL,SubTranLTC,ASEA,1976,UZD,161.7,67.2,161.000,,DESSICANT-BREATHING,,0,0,,1,,T-1,1,0,,UZD Tapchanger
10049335,A5513,XFMR,,161/69,CANE RIDGE,T1,TRN_IEEE_INC_69_288KV,OIL,SubTranLTC,RTE-ASEA,1976,,161.7,67.2,161.000,,CONSERVATOR/DIAPHRAGM,OA/FA/FA,9230,0,,1,,T-1,1,0,,
10049336,70292-2,LTC,,OLTC,CANE RIDGE,T2,LTC_VACUUM_A,OIL,SubTranLTC,REINHAUSEN,1987,RMV,161.7,67.2,161.000,,DESSICANT-BREATHING,OTHER,0,0,,1,,T-2,1,0,0,TC 525 Tapchanger Retrofitted to Reinhausen RMV
10049336,70292-2,XFMR,,161/69,CANE RIDGE,T2,TRN_IEEE_INC_69_288KV,OIL,SubTranLTC,FED PAC,1987,,161.7,67.2,161.000,,CONSERVATOR/DIAPHRAGM,OA/FA/FA,9300,0,,1,,T-2,1,0,,
10049370,6533114,DIV,,OLTC,CENTRAL,T1,LTC_DIVERTER_A,OIL,SubTranLTC,WEST,1955,URT,69,33.3,69.000,,FREE-BREATHING,OTHER,400,0,,1,,T-1 OH,1,0,0,DIVERTER IS IN BOTTOM TANK.
10049370,6533114,XFMR,,161/69,CENTRAL,T1,TRN_IEEE_INC_69KV,OIL,SubTranLTC,WEST,1955,,69,33.3,69.000,,CONSERVATOR/DIAPHRAGM,OA/FA,5853,0,,1,,T-1 OH,1,0,,
10049370,6533114,SEL,,OLTC,CENTRAL,T1,LTC_SELECTOR_A,OIL,SubTranLTC,WEST,1955,URT,69,33.3,69.000,,SEALED,OTHER,0,0,,1,,T-1 OH,1,0,0,SELECTOR IS IN TOP COMPARTMENT.
10049371,6533113,DIV,,OLTC,CENTRAL,T2,LTC_DIVERTER_A,OIL,SubTranLTC,WEST,1966,URT,69,33.3,69.000,,FREE-BREATHING,OTHER,400,0,,1,,T-2 OH,1,0,0,DIVERTER IS IN BOTTOM TANK.
10049371,6533113,XFMR,,161/69,CENTRAL,T2,TRN_IEEE_INC_69KV,OIL,SubTranLTC,WEST,1955,,69,33.3,69.000,,INERT GAS-PRESSURE,OA/FA,5853,0,,1,,T-2 OH,1,0,,
10049371,6533113,SEL,,OLTC,CENTRAL,T2,LTC_SELECTOR_A,OIL,SubTranLTC,WEST,1966,URT,69,33.3,69.000,,SEALED,OTHER,0,0,,1,,T-2 OH,1,0,0,SELECTOR IS IN TOP COMPARTMENT.
10049372,930993,LTC,,OLTC,CENTRAL,T3,LTC_NONDIVERTER_A,OIL,SubTranLTC,MOLONEY,1959,MC,69,40,69.000,,FREE-BREATHING,,0,0,,1,,T-3 UG,1,0,,
10049372,930993,XFMR,,161/69,CENTRAL,T3,TRN_IEEE_INC_69KV,OIL,SubTranLTC,MOLONEY,1959,,69,40,69.000,,INERT GAS-PRESSURE,OA/FA,7350,0,,1,,T-3 UG,1,0,,
10049373,D-589468,LTC,,OLTC,CENTRAL,T4,LTC_NONDIVERTER_A,OIL,SubTranLTC,GE,1966,LRT 65 D3,69,44.8,69.000,,SEALED,,0,0,,1,,T-4 UG,1,0,,REACTOR IS IN THE MAIN TANK IN A BAFFLE. THE REACTOR SAMPLING VALVE IS AT THE BOTTOM OF THE TAPCHANGER CABINET.
10049373,D-589468,XFMR,,161/69,CENTRAL,T4,TRN_IEEE_INC_69KV,OIL,SubTranLTC,GE,1966,,69,44.8,69.000,,INERT GAS-PRESSURE,OA/FA/FOA,7600,0,,1,,T-4 UG,1,0,,
10049373,D-589468,OLTC REACTOR,,OLTC,CENTRAL,T4,TRN_IEEE_INC_69KV,OIL,POWER TRANSFORMER,GE,1966,LRT 65 D3,69-13.8,44.8,69.000,,INERT GAS-PRESSURE,,100,0,,1,,,1,0,,"The reactor is located in the main tank. The sampling valve is usually located at the bottom of the LTC cabinet. Do not sample this routinely, only for fault analysis location."
10048607,K-6566175BJ-201,OCB,,,CLIFTON,B6B,OCB_GENERIC,OIL,,GE,,,,,0.000,,,,0,,,,,B6B,,,,
10049374,C-179420,LTC,,OLTC,CLIFTON,T2,LTC_NONDIVERTER_A,OIL,SubTranLTC,GE,1954,LRT 83 D3A,69,20,69.000,,SEALED,,0,0,,1,,T-2,1,0,,
10049374,C-179420,XFMR,,161/69,CLIFTON,T2,TRN_IEEE_INC_69KV,OIL,SubTranLTC,GE,1954,,69,20,69.000,,CONSERVATOR/DIAPHRAGM,OA/FA,5860,0,,1,,T-2,1,0,,
10049522,6530050,DIV,,OLTC,CLIFTON,T3,LTC_DIVERTER_A,OIL,SubTranLTC,WEST,1954,UT,69,20,69.000,,FREE-BREATHING,OTHER,0,0,,1,,T-3,1,0,0,DIVERTER IS IN FRONT TANK AND THE SELECTOR SWITCH IS IN MAIN TANK.
10049522,6530050,XFMR,,161/69,CLIFTON,T3,TRN_IEEE_INC_69KV,OIL,SubTranLTC,WEST,1954,,69,20,69.000,,INERT GAS-PRESSURE,OA/FA,4280,0,,1,,T-3,1,0,,
107542,E40220712,XFMR,,161/69,CRAIGHEAD,T2,TRN_IEEE_INC_69_288KV,OIL,SubTranLTC,DSTAR,2012,,,36/48/60//67,161.000,,INERT GAS-PRESSURE,OA/FA/FA,10335,0,,,,,1,0,,
107542,E40220712,LTC,,OLTC,CRAIGHEAD,T2,LTC_VACUUM_A,OIL,SubTranLTC,REINHAUSEN,2012,RMV II,,36/48/60//67,161.000,,DESSICANT-BREATHING,OA,280,0,,1,,,1,0,,
107541,E40210612,XFMR,,161/69,CRAIGHEAD,T3,TRN_IEEE_INC_69_288KV,OIL,SubTranLTC,DSTAR,2012,,,36/48/60//67,161.700,,INERT GAS-PRESSURE,OA/FA/FA,10335,0,65,1,,,1,0,,Energized 8-24-2012
107541,E40210612,LTC,,OLTC,CRAIGHEAD,T3,LTC_VACUUM_A,OIL,SubTranLTC,REINHAUSEN,2012,RMV II,,36/48/60//67,161.000,,DESSICANT-BREATHING,OA,280,0,,1,,,1,0,,Energized 8-24-2012
10049248,41392-2,OCB TANK 3,,,DAVIDSON RD,H2B,OCB_GENERIC,OIL,TANK 3,SIEMENS ALLIS,,,,,0.200,,,,1750,,,,,H2B C-PHASE,,,,
10049248,41392-2,OCB TANK 2,,,DAVIDSON RD,H2B,OCB_GENERIC,OIL,TANK 2,SIEMENS ALLIS,,,,,0.200,,,,1750,,,,,H2B B-PHASE,,,,
10049248,41392-2,OCB TANK 1,,,DAVIDSON RD,H2B,OCB_GENERIC,OIL,TANK 1,SIEMENS ALLIS,,,,,0.200,,,,1750,,,,,H2B A-PHASE,,,,
10049249,41267-4,OCB TANK 2,,,DAVIDSON RD,H3B,OCB_GENERIC,OIL,TANK 2,SIEMENS ALLIS,,,,,0.200,,,,1750,,,,,H3B B-PHASE,,,,
10049249,41267-4,OCB TANK 1,,,DAVIDSON RD,H3B,OCB_GENERIC,OIL,TANK 1,SIEMENS ALLIS,,,,,0.200,,,,1750,,,,,H3B A-PHASE,,,,
10049249,41267-4,OCB TANK 3,,,DAVIDSON RD,H3B,OCB_GENERIC,OIL,TANK 3,SIEMENS ALLIS,,,,,0.200,,,,1750,,,,,H3B C-PHASE,,,,
10049250,41267-1,OCB TANK 3,,,DAVIDSON RD,H4B,OCB_GENERIC,OIL,TANK 3,SIEMENS ALLIS,,,,,0.200,,,,1750,,,,,H4B C-PHASE,,,,
10049250,41267-1,OCB TANK 2,,,DAVIDSON RD,H4B,OCB_GENERIC,OIL,TANK 2,SIEMENS ALLIS,,,,,0.200,,,,1750,,,,,H4B B-PHASE,,,,
10049250,41267-1,OCB TANK 1,,,DAVIDSON RD,H4B,OCB_GENERIC,OIL,TANK 1,SIEMENS ALLIS,,,,,0.200,,,,1750,,,,,H4B A-PHASE,,,,
10049512,A6981T,LTC,,OLTC,DAVIDSON RD,T2,LTC_RESISTIVE_A,OIL,SubTranLTC,ASEA,1985,UZD,161.7,67.2,161.700,,DESSICANT-BREATHING,,100,0,,1,,T-2,1,0,,
10049512,A6981T,XFMR,,161/69,DAVIDSON RD,T2,TRN_IEEE_INC_69_288KV,OIL,SubTranLTC,ASEA,1985,,161.7,67.2,161.000,,INERT GAS-PRESSURE,OA/FA/FA,10000,0,,1,,T-2,1,0,,
10049550,19790-10101,LTC,,OLTC,DAVIDSON RD,T3,LTC_VACUUM_A,OIL,SubTranLTC,REINHAUSEN,1971,RMV,161.7,67.2,161.000,,DESSICANT-BREATHING,,345,0,,1,,T-3,1,0,,
10049550,19790-10101,XFMR,,161/69,DAVIDSON RD,T3,TRN_IEEE_INC_69_288KV,OIL,SubTranLTC,FER PACK,2000,,161.7,67.2,161.000,,CONSERVATOR/DIAPHRAGM,OA/FA/FA,6575,0,,1,,T-3,1,0,,
10049514,5067766,DIV,,OLTC,DISPOSED,SOLD FROM HARPETH HILLS?,LTC_DIVERTER_A,OIL,SubTranLTC,WESTINGHOUSE,1950,WHSE UT,69,20,13.800,1200,SEALED,,450,,,,,,0,1,,DIVERTER IS IN FRONT TANK AND THE SELECTOR SWITCH IS IN MAIN TANK.
10049338,C-06262-5-1,SEL,,OLTC,DONELSON,FAILED T2,LTC_SELECTOR_A,OIL,SubTranLTC,MCGE,1980,397 D,161.7,67.2,0.000,,INERT GAS-PRESSURE,,0,0,,1,,T-2,0,0,0,"MIDDLE COMPARTMENT, BETWEEN INTERRUPTER AND MAIN TANK."
10049338,C-06262-5-1,DIV,,OLTC,DONELSON,FAILED T2,LTC_VACUUM_A,OIL,SubTranLTC,MCGE,1980,397 D,161.7,,161.000,,DESSICANT-BREATHING,,0,0,,1,,,0,0,,FRONT COMPARTMENT.
10049429,70270-1,LTC,,OLTC,DONELSON,T1,LTC_VACUUM_A,OIL,SubTranLTC,REINHAUSEN,1986,RMV II,161.7,67.2,161.000,,DESSICANT-BREATHING,OTHER,0,0,,1,,T-1,1,0,0,REINHAUSEN RETRO-FIT
10049429,70270-1,XFMR,,161/69,DONELSON,T1,TRN_IEEE_INC_69_288KV,OIL,SubTranLTC,FED PAC,1986,,161.7,67.2,161.000,,INERT GAS-PRESSURE,OA/FA/FA,9730,0,,1,,T-12,1,0,,"Drawer:49,Book:75"
10049338,C-06262-5-1,XFMR,,161/69,DONELSON,T2,TRN_IEEE_INC_69_288KV,OIL,SubTranLTC,MCGE,1980,,161.7,67.2,161.000,,INERT GAS-PRESSURE,OA/FA/FA,14720,0,,1,,T-2,0,0,,Oil is contaminated with a chemical that acts like silicon under a vacuum. The oil must not be mixed with storage oil.
10049376,70322-1,LTC,,OLTC,DONELSON,T2 SPARE,LTC_VACUUM_A,OIL,SubTranLTC,REINHAUSEN,1987,RMV,161.7,67.2,161.000,,DESSICANT-BREATHING,OTHER,0,0,,1,,T-2,1,0,0,
10049376,70322-1,XFMR,,161/69,DONELSON,T2 SPARE,TRN_IEEE_INC_69_288KV,OIL,SubTranLTC,NAT,1987,,161.7,67.2,161.000,,CONSERVATOR/DIAPHRAGM,OA/FA/FA,12020,0,,1,,T-2,1,0,,
00012-1,1926225-00012-1,XFMR,,4kv,DUNN ST #1,,TRN_IEEE_INC_69KV,OIL,POWER TRANSFORMER,MOLONEY,,,,,23.900,,,,720,,,,,,,,,
10049384,3153112,XFMR,,161/69,DUPONT #1,T1,TRN_IEEE_INC_69KV,OIL,SubTranNonLTC,AC,1947,,69,20,72.000,,INERT GAS-PRESSURE,OA/FA/FA,3434,0,,1,,T-1,1,0,,
10049385,3153111,XFMR,,161/69,DUPONT #1,T2,TRN_IEEE_INC_69KV,OIL,SubTranNonLTC,AC,1947,,69,20,72.000,,INERT GAS-PRESSURE,OA/FA/FA,3434,0,,1,,T-2,1,0,,
10049386,P-660338,XFMR,,161/69,DUPONT #1,T3,TRN_IEEE_INC_69KV,OIL,SubTranNonLTC,MOLONEY,1966,,69,20,72.000,,INERT GAS-PRESSURE,OA/FA/FA,2320,0,,1,,T-3,1,0,,
106793,3516703,XFMR,,161/69,DUPONT #2,T1,TRN_IEEE_INC_69KV,OIL,SubTranNonLTC,AC,1963,,69,20,72.000,,INERT GAS-PRESSURE,OA/FA/FA,2045,0,,1,,T-1,1,0,,
106817,3516702,XFMR,,161/69,DUPONT #2,T2,TRN_IEEE_INC_69KV,OIL,SubTranNonLTC,AC,1963,,69,20,72.000,,INERT GAS-PRESSURE,OA/FA/FA,2045,0,,1,,T-2,1,0,,
106818,P650327,XFMR,,161/69,DUPONT #2,T3,TRN_IEEE_INC_69KV,OIL,SubTranNonLTC,MOLONEY,1965,,69,20,72.000,,INERT GAS-PRESSURE,OA/FA,2320,0,,,,T-3,1,0,,
220,3153402,XFMR,Customer,161/69,DUPONT #3,,TRN_IEEE_INC_69KV,OIL,POWER TRANSFORMER,AC,,,,,69.000,,,,3434,,,,,DUPONT #1,0,0,,
10049379,D-573963,LTC,,OLTC,EAST,T1,LTC_NONDIVERTER_A,OIL,SubTranLTC,GE,1965,LRT 65 D3,69,44.8,69.000,,SEALED,,0,0,,1,,T-2,1,0,,REACTOR IS IN THE MAIN TANK IN A BAFFLE. THE REACTOR SAMPLING VALVE IS AT THE BOTTOM OF THE TAPCHANGER CABINET.
10049379,D-573963,XFMR,,161/69,EAST,T1,TRN_IEEE_INC_69KV,OIL,SubTranLTC,GE,1965,,69,44.8,69.000,,CONSERVATOR/DIAPHRAGM,OA/FA,8485,0,,1,,T-2,1,0,,
10049379,D-573963,OLTC REACTOR,,OLTC,EAST,T1,TRN_IEEE_INC_69KV,OIL,POWER TRANSFORMER,GE,1965,LRT 65 D3,69-13.8,44.8,69.000,,CONSERVATOR/DIAPHRAGM,,100,,,1,,,1,0,,"The reactor is located in the main tank. The sampling valve is usually located at the bottom of the LTC cabinet. Do not sample this routinely, only for fault analysis location."
10049391,6537375,DIV,,OLTC,EAST,T3,LTC_DIVERTER_A,OIL,SubTranLTC,WEST,1946,URT,69,40,69.000,,FREE-BREATHING,,0,0,,1,,T-3,1,0,,DIVERTER IS IN BOTTOM TANK.
10049391,6537375,XFMR,,161/69,EAST,T3,TRN_IEEE_INC_69KV,OIL,SubTranLTC,WEST,1946,,69,20,69.000,,INERT GAS-PRESSURE,OA/FA/FA,5400,0,,1,,T-3,1,0,1,
10049391,6537375,SEL,,OLTC,EAST,T3,LTC_SELECTOR_A,OIL,SubTranLTC,WEST,1946,URT,69,40,69.000,,SEALED,,0,0,,1,,T-3,1,0,,SELECTOR IS IN TOP COMPARTMENT.
10049392,01-8226-60990-2,LTC,,OLTC,EDENWOLD,T1,LTC_VACUUM_A,OIL,SubTranLTC,REINHAUSEN,1974,RMV II,69,44.4,69.000,,DESSICANT-BREATHING,OTHER,0,0,,1,,T-1 TAPC,1,0,0,RMV Retrofit
10049392,01-8226-60990-2,XFMR,,161/69,EDENWOLD,T1,TRN_IEEE_INC_69KV,OIL,SubTranLTC,AC,1974,,69,40,69.000,,INERT GAS-PRESSURE,OA/FA/FA,7132,0,,1,,T-1,1,0,,
10049510,9307401979,LTC,,OLTC,EDENWOLD,T2,LTC_NONDIVERTER_A,OIL,SubTranLTC,MCGE,1993,550 B,69,44.8,69.000,,FREE-BREATHING,OTHER,0,0,,1,,T-2 TAPC,1,0,0,
10049510,9307401979,XFMR,,161/69,EDENWOLD,T2,TRN_IEEE_INC_69KV,OIL,SubTranLTC,MCGE-SWE,1993,,69,44.8,69.000,,INERT GAS-PRESSURE,OA/FA/FA,6565,0,,1,,00081-8,1,0,1,McGraw Edison rebuilt by Southwest 1993.
10049439,1-0140-25883-1,DIV,,OLTC,EDGEHILL,T1,LTC_DIVERTER_A,OIL,SubTranLTC,AC,1956,TLB,69,33.3,69.000,,SEALED,,0,0,,1,,T-1,1,0,,BOTTOM COMPARTMENT
10049439,1-0140-25883-1,XFMR,,161/69,EDGEHILL,T1,TRN_IEEE_INC_69KV,OIL,SubTranLTC,AC,1956,,69,33.3,69.000,,INERT GAS-PRESSURE,OA/FA/FA,5960,0,,1,,T1,1,0,,
10049439,1-0140-25883-1,SEL,,OLTC,EDGEHILL,T1,LTC_SELECTOR_A,OIL,SubTranLTC,AC,1956,TLB,69,33.3,69.000,,SEALED,,0,0,,1,,T-1,1,0,,TOP COMPARTMENT
10049440,D-573965,XFMR,,161/69,EDGEHILL,T2,TRN_IEEE_INC_69KV,OIL,SubTranLTC,GE,1946,,69,33.3,69.000,,INERT GAS-PRESSURE,OA/FA/FA,6270,1,,1,,T-2,1,0,,
10049440,D-573965,LTC,,OLTC,EDGEHILL,T2,LTC_DIVERTER_A,OIL,SubTranLTC,GE,1946,LRT 65 D3,69,,69.000,,FREE-BREATHING,,0,1,,1,,,1,0,,
10049440,D-573965,OLTC REACTOR,,OLTC,EDGEHILL,T2,TRN_IEEE_INC_69KV,OIL,POWER TRANSFORMER,GE,1946,LRT 65 D3,69-13.8,,69.000,,INERT GAS-PRESSURE,,0,0,,1,,,1,0,,"The reactor is located in the main tank. The sampling valve is usually located at the bottom of the LTC cabinet. Do not sample this routinely, only for fault analysis location."
10049517,C-01590-5-2,DIV,,OLTC,EDGEHILL,T3,LTC_DIVERTER_A,OIL,SubTranLTC,PENN,1963,394,69,37.3,69.000,,SEALED,,0,0,,1,,T-3,1,0,,DIVERTER IS IN FRONT COMPARTMENT.
10049517,C-01590-5-2,XFMR,,161/69,EDGEHILL,T3,TRN_IEEE_INC_69KV,OIL,SubTranLTC,PENN,1963,,69,33.3,69.000,,INERT GAS-PRESSURE,OA/FA/FA,5980,0,,1,,T-3,1,0,,
10049517,C-01590-5-2,SEL,,OLTC,EDGEHILL,T3,LTC_SELECTOR_A,OIL,SubTranLTC,PENN,1963,394,69,,0.000,,INERT GAS-PRESSURE,,0,,,1,,,1,0,,SELECTOR IS IN MIDDLE TANK BETEWWN DIVERTER AND MAIN TANK. IT HAS A GAS HEADSPACE THAT IS CONNECTED TO THE MAIN TANK.
10049398,8278436,DIV,,OLTC,ELM HILL,T1,LTC_DIVERTER_A,OIL,SubTranLTC,GE,1946,LRT 59,69,26.6,69.000,,FREE-BREATHING,,0,0,,1,,T-1,1,0,,DIVERTER IS LOCATED IN BOTTOM COMPARTMENT.
10049398,8278436,XFMR,,161/69,ELM HILL,T1,TRN_IEEE_INC_69KV,OIL,SubTranLTC,GE,1946,OAPT,69,26.6,69.000,,INERT GAS-PRESSURE,OA/FA,6280,0,,1,,T-1,1,0,1,
10049398,8278436,SEL,,OLTC,ELM HILL,T1,LTC_SELECTOR_A,OIL,SubTranLTC,GE,1946,LRT 59,69,,69.000,,SEALED,,0,,,,,081-4TC,1,0,,SELECTOR IS LOCATED TOP COMPARTMENT.
10049523,8278435,DIV,,OLTC,ELM HILL,T2,LTC_DIVERTER_A,OIL,SubTranLTC,GE,1946,LRT 59,69,26.6,69.000,,FREE-BREATHING,,0,0,,1,,T-2,1,0,,DIVERTER IS LOCATED IN BOTTOM COMPARTMENT.
10049523,8278435,XFMR,,161/69,ELM HILL,T2,TRN_IEEE_INC_69KV,OIL,SubTranLTC,GE,1946,OAPT,69,26.6,69.000,,INERT GAS-PRESSURE,OA/FA/FA,6280,0,,1,,T-2,1,0,,
10049523,8278435,SEL,,OLTC,ELM HILL,T2,LTC_SELECTOR_A,OIL,SubTranLTC,GE,1946,LRT 59,69,,69.000,,SEALED,,320,,,,,0081-1A,1,0,,SELECTOR IS LOCATED IN TOP COMPARTMENT.
10049339,70370-1,LTC,,OLTC,ELYSIAN FIELDS,T1,LTC_VACUUM_A,OIL,SubTranLTC,REINHAUSEN,1989,RMV,161.7,67.2,161.700,,DESSICANT-BREATHING,OTHER,345,0,,1,,T-1,1,0,0,RMV Retrofit
10049339,70370-1,XFMR,,161/69,ELYSIAN FIELDS,T1,TRN_IEEE_INC_69_288KV,OIL,SubTranLTC,NAT,1989,,161.7,67.2,161.000,,CONSERVATOR/DIAPHRAGM,OA/FA/FA,9531,0,,1,,T-1,1,0,,
10049340,70153-1,LTC,,OLTC,ELYSIAN FIELDS,T2,LTC_VACUUM_A,OIL,SubTranLTC,REINHAUSEN,1980,RMV,161.7,67.2,161.700,,DESSICANT-BREATHING,OTHER,345,0,,1,,T-2,1,0,0,RMV Retrofit
10049340,70153-1,XFMR,,161/69,ELYSIAN FIELDS,T2,TRN_IEEE_INC_69_288KV,OIL,SubTranLTC,FED PAC,1980,,161.7,67.2,161.000,,CONSERVATOR/DIAPHRAGM,OA/FA/FA,9036,0,,1,,T-2,1,0,,
10049390,930992,LTC,,OLTC,FAILED,FAILED EAST T1,LTC_NONDIVERTER_A,OIL,TOP COMPARTMENT,MOLONEY,1959,MC,69-13.8/7960,40,69.000,,SEALED,,0,0,,1,,T-1,0,0,,Failed April 2011 D.D.
10049495,1922211,XFMR,,161/69,FAILED,FAILED GAF,TRN_IEEE_INC_69_288KV,OIL,,MOLONEY,,,,,72.000,,,,6845,,,,,GAF,0,,,
10049425,RFP-3272-1,XFMR,,161/69,FAILED,FAILED PENNINGTON BEND,TRN_IEEE_INC_69_288KV,OIL,POWER TRANSFORMER,WESTINGHOUSE,,,,,69.000,,INERT GAS-PRESSURE,,79300,0,,1,,FAILED,0,0,,
140,K547333-0000140,XFMR,,161/69,FAILED,FAILED SOUTH R-2,REG_GENERIC,OIL,,G.E.,,,,,13.800,,,,3720,,,,,FAILED R-2,0,0,,
10049451,1922212,XFMR,,161/69,FAILED,FAILED TENTH,TRN_IEEE_INC_69KV,OIL,POWER TRANSFORMER,MOLONEY,1959,,69-13.8/7960,33,69.000,,INERT GAS-PRESSURE,OA/FA/FA,6025,0,,1,,T-3,0,,,
10049451,1922212,LTC,,OLTC,FAILED,FAILED TENTH T3,LTC_NONDIVERTER_A,OIL,POWER TRANSFORMER,MOLONEY,1959,MC,69-13.8/7960,33.3,69.000,,FREE-BREATHING,,0,0,,1,,T-3 LTC,0,,,
00019-1,C-498553,XFMR,,161/69,FAILED,FAILED WATKINS PARK,TRN_IEEE_INC_69_288KV,OIL,,G.E.,,,,,69.000,,,,0,,,,,FAILED T2,0,,,
00053-1,C-498552,XFMR,,161/69,FAILED,FAILED WATKINS PARK,TRN_IEEE_INC_69_288KV,OIL,POWER TRANSFORMER,GE,,,,,69.000,,INERT GAS-PRESSURE,,8675,0,,1,,FAILED T1,0,0,,
10049410,C-04371-5-2,XFMR,,161/69,FAILED,STORED AT HILLSBORO,TRN_IEEE_INC_69_288KV,OIL,,MCGRAW EDISON,,,69-23.9,,69.000,,,,6575,,,,,SPARE T1,0,1,,
053-1TC,C498552,DIV,,OLTC,FAILED,WATKINS PARK,LTC_DIVERTER_A,OIL,TOP COMPARTMENT,GE,1955,LRT 59,69-13.8/7960,44.8,69.000,,FREE-BREATHING,,445,0,,1,,FAILED T1,0,,,
10049399,D-574903,LTC,,OLTC,FINN ST,T2,LTC_NONDIVERTER_A,OIL,SubTranLTC,GE,1963,LRT 65 D3,69,40,69.000,,SEALED,,0,0,,1,,038-1TC,1,0,,REACTOR IS IN THE MAIN TANK IN A BAFFLE. THE REACTOR SAMPLING VALVE IS AT THE BOTTOM OF THE TAPCHANGER CABINET.
10049399,D-574903,XFMR,,161/69,FINN ST,T2,TRN_IEEE_INC_69KV,OIL,SubTranLTC,GE,1963,,69,40,69.000,,INERT GAS-PRESSURE,OA/FA/FA,8485,0,,,,T-2,1,0,,
10049399,D-574903,OLTC REACTOR,,OLTC,FINN ST,T2,TRN_IEEE_INC_69KV,OIL,POWER TRANSFORMER,GE,1963,LRT 65 D3,69-13.8,44.8,69.000,,INERT GAS-PRESSURE,,100,0,,1,,,1,0,,"The reactor is located in the main tank. The sampling valve is usually located at the bottom of the LTC cabinet. Do not sample this routinely, only for fault analysis location."
10049400,D-575065,LTC,,OLTC,FINN ST,T3,LTC_NONDIVERTER_A,OIL,SubTranLTC,GE,1963,LRT 65 D3,69,40,69.000,,SEALED,,0,0,,1,,075-5TC,1,0,,REACTOR IS IN THE MAIN TANK IN A BAFFLE. THE REACTOR SAMPLING VALVE IS AT THE BOTTOM OF THE TAPCHANGER CABINET.
10049400,D-575065,XFMR,,161/69,FINN ST,T3,TRN_IEEE_INC_69KV,OIL,SubTranLTC,GE,1964,,69,40,69.000,,INERT GAS-PRESSURE,OA/FA/FA,8485,0,,1,,T-3,1,0,,
10049400,D-575065,OLTC REACTOR,,OLTC,FINN ST,T3,TRN_IEEE_INC_69KV,OIL,POWER TRANSFORMER,GE,1964,LRT 65 D3,69-13.8,44.8,69.000,,INERT GAS-PRESSURE,,100,0,,1,,,1,0,,"The reactor is located in the main tank. The sampling valve is usually located at the bottom of the LTC cabinet. Do not sample this routinely, only for fault analysis location."
10049471,4088179,DIV,Customer,OLTC,FORD/ZELEDYNE,,LTC_DIVERTER_A,OIL,SubTranLTC,WEST,1950,UT,69,20,69.000,1200,SEALED,,,,,1,,,0,0,0,DIVERTER IS IN FRONT TANK AND THE SELECTOR SWITCH IS IN MAIN TANK.
10049471,4088179,XFMR,Customer,161/69,FORD/ZELEDYNE,T2,TRN_IEEE_INC_69KV,OIL,SubTranLTC,WEST,1949,SHELL FORM,69,15/20,65.000,,FREE-BREATHING,OA/FA/FA,3400,0,,1,,T-1,0,0,0,REMOVED FROM IKG AND RECOMMISSIONED AND SOLD TO FORD GLASS PLANT. D.D.
105871,TP-839,LTC,,OLTC,FOREST HILLS,T1,LTC_VACUUM_A,OIL,SubTranLTC,REINHAUSEN,2010,RMV II,161.7,224,161.700,,DESSICANT-BREATHING,,345,,,,,00681TC,1,0,,
105871,TP-839,XFMR,,161/69,FOREST HILLS,T1,TRN_IEEE_INC_69_288KV,OIL,SubTranLTC,SIEMENS,2010,,161.7,224,750.000,,CONSERVATOR,OA/FA/FA,15750,0,,1,,681,1,0,,
103022,G1686-04,LTC,,OLTC,FOREST HILLS,T3,LTC_VACUUM_A,OIL,SubTranLTC,REINHAUSEN,2006,RMV II,161.7,67.2,161.700,,DESSICANT-BREATHING,OTHER,345,0,,1,,T-3 TAP CHANGER,1,0,0,
103022,G1686-04,XFMR,,161/69,FOREST HILLS,T3,TRN_IEEE_INC_69_288KV,OIL,SubTranLTC,GE-PROLEC,2006,ONAN/ONAF/ONAF,161.7,67.2,161.700,,CONSERVATOR/DIAPHRAGM,OA/FA/FA,8584,0,,1,,T-3,1,0,,
470,2527095191-0000470,XFMR,,4kv,GAF,9654-800-3 GAF PAD,TRN_IEEE_INC_69KV,OIL,,HOWARD,,,,,0.000,,,,0,,,,,,,,,
405,2520202403-0000405,XFMR,,4kv,GAF,PADMOUNT,TRN_IEEE_INC_69KV,OIL,POWER TRANSFORMER,HOWARD IND,,,,,13.800,,,,852,,,,,9654-803,,,,
486,Q582704-TOV-0000486,XFMR,,4kv,GAF,PADMOUNT,TRN_IEEE_INC_69KV,OIL,,GE,,,,,13.800,,,,0,,,,,9654-800-4,,,,
527,99J899346-0000527,XFMR,,4kv,GAF,PADMOUNT,TRN_IEEE_INC_69KV,OIL,,ABB,,,,,14.400,,,,539,,,,,9654-800-1,,,,
10049438,1-0140-25883-2,DIV,,OLTC,GAF,T2,LTC_DIVERTER_A,OIL,SubTranLTC,AC,1956,TLB,69,33.3,69.000,,SEALED,,0,0,,1,,T-2,1,0,,INTERRUPTERS ARE LOCATED IN BOTTOM COMPARTMENT.
10049438,1-0140-25883-2,XFMR,,161/69,GAF,T2,TRN_IEEE_INC_69KV,OIL,SubTranLTC,AC,1956,,69,33.3,69.000,,INERT GAS-PRESSURE,OA/FA/FA,5960,0,,1,,T-2,1,0,,
10049438,1-0140-25883-2,SEL,,OLTC,GAF,T2,LTC_SELECTOR_A,OIL,SubTranLTC,AC,1956,TLB,69,33.3,69.000,,SEALED,,0,0,,1,,T-2,1,0,,SELECTOR IS LOCATED IN TOP COMPARTMENT.
10049496,6537376,DIV,,OLTC,GAF,T3,LTC_DIVERTER_A,OIL,SubTranLTC,WEST,1958,URT,69,33.3,69.000,,SEALED,,0,0,,1,,T-3,1,0,,DIVERTER IS IN BOTTOM TANK.
10049496,6537376,XFMR,,161/69,GAF,T3,TRN_IEEE_INC_69KV,OIL,SubTranLTC,WEST,1958,,69,33.3,69.000,,INERT GAS-PRESSURE,OA/FA/FA,3855,1,,0,,T-3,1,0,,
10049496,6537376,SEL,,OLTC,GAF,T3,LTC_SELECTOR_A,OIL,SubTranLTC,WEST,1958,URT,69,33.3,69.000,,SEALED,,0,0,,1,,T-3,1,0,,SELECTOR IS IN TOP COMPARTMENT.
10049279,41392-1,OCB TANK 1,,,GALLOWAY,H2B,OCB_GENERIC,OIL,TANK 1,SIEMENS ALLIS,,,,,0.200,,,,1750,,,,,H2B A-PHASE,,,,
10049279,41392-1,OCB TANK 2,,,GALLOWAY,H2B,OCB_GENERIC,OIL,TANK 2,SIEMENS ALLIS,,,,,0.200,,,,1750,,,,,H2B B-PHASE,,,,
10049279,41392-1,OCB TANK 3,,,GALLOWAY,H2B,OCB_GENERIC,OIL,TANK 3,SIEMENS ALLIS,,,,,0.200,,,,1750,,,,,H2B C-PHASE,,,,
10049278,41267-5,OCB TANK 1,,,GALLOWAY,H3B,OCB_GENERIC,OIL,TANK 1,SIEMENS ALLIS,,,,,0.200,,,,1750,,,,,H3B A-PHASE,,,,
10049278,41267-5,OCB TANK 2,,,GALLOWAY,H3B,OCB_GENERIC,OIL,TANK 2,SIEMENS ALLIS,,,,,0.200,,,,1750,,,,,H3B B-PHASE,,,,
10049278,41267-5,OCB TANK 3,,,GALLOWAY,H3B,OCB_GENERIC,OIL,TANK 3,SIEMENS ALLIS,,,,,0.000,,,,0,,,,,H3B,,,,
10049242,41392-4,OCB TANK 1,,,GALLOWAY,H5B,OCB_GENERIC,OIL,TANK 1,SIEMENS ALLIS,,,,,0.200,,,,1750,,,,,H5B A-PHASE,,,,
10049242,41392-4,OCB TANK 2,,,GALLOWAY,H5B,OCB_GENERIC,OIL,TANK 2,SIEMENS ALLIS,,,,,0.200,,,,1750,,,,,H5B B-PHASE,,,,
10049242,41392-4,OCB TANK 3,,,GALLOWAY,H5B,OCB_GENERIC,OIL,TANK 3,SIEMENS ALLIS,,,,,0.200,,,,1750,,,,,H5B C-PHASE,,,,
10049243,41267-6,OCB TANK 1,,,GALLOWAY,H6B,OCB_GENERIC,OIL,TANK 1,SIEMENS ALLIS,,,,,0.200,,,,1750,,,,,H6B A-PHASE,,,,
10049243,41267-6,OCB TANK 3,,,GALLOWAY,H6B,OCB_GENERIC,OIL,TANK 3,SIEMENS ALLIS,,,,,0.200,,,,1750,,,,,H6B C-PHASE,,,,
10049243,41267-6,OCB TANK 2,,,GALLOWAY,H6B,OCB_GENERIC,OIL,TANK 2,SIEMENS ALLIS,,,,,0.200,,,,1750,,,,,H6B B-PHASE,,,,
10049548,E30111101,LTC,,OLTC,GALLOWAY,T2,LTC_VACUUM_A,OIL,SubTranLTC,REINHAUSEN,2001,RMV,161.7,67.2,161.700,,DESSICANT-BREATHING,,0,0,,1,,T-2,1,0,,
10049548,E30111101,XFMR,,161/69,GALLOWAY,T2,TRN_IEEE_INC_69_288KV,OIL,SubTranLTC,DSTAR,2001,,161.7,67.2,161.000,,CONSERVATOR/DIAPHRAGM,OA/FA/FA,10035,0,,1,,T-2,1,0,,
10049557,G1079-01,LTC,,OLTC,GALLOWAY,T3,LTC_VACUUM_A,OIL,SubTranLTC,REINHAUSEN,2002,RMV,161.7,67.2,161.700,,DESSICANT-BREATHING,,0,0,,1,,T-3,1,0,,
10049557,G1079-01,XFMR,,161/69,GALLOWAY,T3,TRN_IEEE_INC_69_288KV,OIL,SubTranLTC,GE-PROLEC,2002,,161.7,67.2,161.000,,CONSERVATOR/DIAPHRAGM,OA/FA/FA,10050,0,,1,,T-3,1,0,,
10049342,70223-1,LTC,,OLTC,GOODLETTSVILLE,T1,LTC_VACUUM_A,OIL,SubTranLTC,REINHAUSEN,1968,RMV,161.7,,161.000,,DESSICANT-BREATHING,OTHER,0,0,,1,,T-2,1,0,0,RMV Retrofit
10049342,70223-1,XFMR,,161/69,GOODLETTSVILLE,T1,TRN_IEEE_INC_69_288KV,OIL,SubTranLTC,FED PAC,1983,,161.7,67.2,161.000,,CONSERVATOR/DIAPHRAGM,OA/FA/FA,8950,1,,1,,T-2,1,0,,
10049428,70270-2,LTC,,OLTC,GOODLETTSVILLE,T2,LTC_VACUUM_A,OIL,SubTranLTC,REINHAUSEN,1985,RMV,161.7,67.2,161.700,,DESSICANT-BREATHING,,0,,,1,,T-2,1,0,,RMV Retrofit
10049428,70270-2,XFMR,,161/69,GOODLETTSVILLE,T2,TRN_IEEE_INC_69_288KV,OIL,SubTranLTC,FED PAC,1985,,161.7,67.2,161.000,,CONSERVATOR/DIAPHRAGM,OA/FA/FA,10110,0,,1,,T-1,1,0,,
10048774,7-37Y3266,OCB,,,GREEN HILLS,A2B,OCB_GENERIC,OIL,,WESTINGHOUSE,,,,,69.000,,,,205,,,,,A2B,,,,
10049405,RFR-2366-2,LTC,,OLTC,GREEN HILLS,T1,LTC_NONDIVERTER_A,OIL,SubTranLTC,WEST,1968,UTT,69,24/32/40//44.8,69.000,,SEALED,,360,0,,1,,T-1,1,0,,
10049405,RFR-2366-2,XFMR,,161/69,GREEN HILLS,T1,TRN_IEEE_INC_69KV,OIL,SubTranLTC,WEST,1968,,69,24/32/40//44.8,69.000,,INERT GAS-PRESSURE,OA/FA/FA,7870,0,,1,,T-1,1,0,,
10049406,RFR-2366-1,LTC,,OLTC,GREEN HILLS,T2,LTC_NONDIVERTER_A,OIL,SubTranLTC,WEST,1968,UTT,69,24/32/40//44.4,69.000,,SEALED,,360,0,,1,,T-2,1,0,,
10049406,RFR-2366-1,XFMR,,161/69,GREEN HILLS,T2,TRN_IEEE_INC_69KV,OIL,SubTranLTC,WEST,1968,SL,69,24/32/40//44.8,69.000,,INERT GAS-PRESSURE,OA/FA/FA,7870,0,,1,,T-2,1,0,1,
10049513,50003-101-01,LTC,,OLTC,HARPETH HILLS,T1,LTC_VACUUM_A,OIL,SubTranLTC,REINHAUSEN,1999,RMV,69,24/32/40//44.4,69.000,,DESSICANT-BREATHING,,345,0,,1,,T-1 LTC,1,0,,
10049513,50003-101-01,XFMR,,161/69,HARPETH HILLS,T1,TRN_IEEE_INC_69KV,OIL,SubTranLTC,FER PACK,1999,,69,24/32/40//44.8,69.000,,INERT GAS-PRESSURE,OA/FA/FA,7870,0,,1,,T-1,1,0,,
10049407,RBP-1049-1,LTC,,OLTC,HARPETH HILLS,T2,LTC_NONDIVERTER_A,OIL,SubTranLTC,WEST,1972,UTT A,69,44.8,69.000,,SEALED,,360,0,,1,,T-2,1,0,,
10049407,RBP-1049-1,XFMR,,161/69,HARPETH HILLS,T2,TRN_IEEE_INC_69KV,OIL,SubTranLTC,WEST,1972,,69,44.8,69.000,,INERT GAS-PRESSURE,OA/FA/FA,7748,0,,1,,T-2,1,0,,
10049560,90009101-02,LTC,,OLTC,HENDERSONVILLE,T1,LTC_VACUUM_A,OIL,SubTranLTC,REINHAUSEN,2002,RMV,161.7,48/64/80//89.6,161.700,,DESSICANT-BREATHING,OTHER,0,0,,1,,T-1,1,0,0,
10049560,90009101-02,XFMR,,161/69,HENDERSONVILLE,T1,TRN_IEEE_INC_69_288KV,OIL,SubTranLTC,FER PACK,2002,,161.7,48/64/80//89.6,161.000,,CONSERVATOR/DIAPHRAGM,OA/FA/FA,11730,0,,1,,T-1,1,0,,
10049561,90009101-01,LTC,,OLTC,HENDERSONVILLE,T3,LTC_VACUUM_A,OIL,SubTranLTC,REINHAUSEN,2002,RMV,161.7,48/64/80//89.6,161.700,,DESSICANT-BREATHING,OTHER,0,0,,1,,T-3,1,0,,
10049561,90009101-01,XFMR,,161/69,HENDERSONVILLE,T3,TRN_IEEE_INC_69_288KV,OIL,SubTranLTC,FER PACK,2002,ONAN/ONAF/ONAF,161.7,48/64/80//89.6,161.000,,CONSERVATOR/DIAPHRAGM,OA/FA/FA,11730,0,,1,,T-3,1,0,,
10049343,XCS-7057-1,LTC,,OLTC,HERMITAGE,T1,LTC_NONDIVERTER_A,OIL,SubTranLTC,WEST,1978,UTT,161.7,36/48/60//67.2,161.700,,DESSICANT-BREATHING,,410,0,,1,,T-1,1,0,,Changed OLTC from UVW to a UTT in May 2014.
10049343,XCS-7057-1,XFMR,,161/69,HERMITAGE,T1,TRN_IEEE_INC_69_288KV,OIL,SubTranLTC,WEST,1978,SL,161.7,36/48/60//67.2,161.000,,INERT GAS-PRESSURE,OA/FA/FA,11334,0,,1,,T-1,1,0,,
10049344,70320-1,LTC,,OLTC,HERMITAGE,T2,LTC_VACUUM_A,OIL,SubTranLTC,REINHAUSEN,1987,RMV,161.7,67.2,161.700,,DESSICANT-BREATHING,OTHER,0,0,,1,,T2,1,0,0,RMV Retrofit
10049344,70320-1,XFMR,,161/69,HERMITAGE,T2,TRN_IEEE_INC_69_288KV,OIL,SubTranLTC,NAT,1987,,161.7,67.2,161.000,,INERT GAS-PRESSURE,OA/FA/FA,9300,0,,1,,T-2,1,0,,Heating gases possibly due to Core Ground. Measured less than 10k-ohms.
10049337,70512-A,LTC,,OLTC,HERMITAGE,T3,LTC_VACUUM_A,OIL,SubTranLTC,REINHAUSEN,1993,RMV,161.7,36/48/60//67.2,161.700,,DESSICANT-BREATHING,OTHER,0,0,,1,,T-3,1,0,0,RMV Retrofit
10049337,70512-A,XFMR,,161/69,HERMITAGE,T3,TRN_IEEE_INC_69_288KV,OIL,SubTranLTC,NAT,1993,,161.7,67.2,161.000,,INERT GAS-PRESSURE,OA/FA/FA,8846,0,,1,,T-3,1,0,,
107685,C859794C,XFMR,,4kv,HILLHURST,T2,TRN_IEEE_INC_69KV,OIL,POWER TRANSFORMER,GE,,,23.9,2.5,,,FREE-BREATHING,,4150,0,,1,5.600,,1,0,,
10049378,C-04371-5-1,LTC,,OLTC,HILLSBORO RD,T1,LTC_NONDIVERTER_A,OIL,SubTranLTC,MCGE,1971,550,69,24/32/40//44.4,69.000,,FREE-BREATHING,,188,0,,1,,T-1,1,0,,
10049378,C-04371-5-1,XFMR,,161/69,HILLSBORO RD,T1,TRN_IEEE_INC_69KV,OIL,SubTranLTC,MCGE,1971,,69,24/32/40//44.8,69.000,,INERT GAS-PRESSURE,OA/FA/FA,6575,0,,1,,T-1,1,0,,
10049498,51439-A,LTC,,OLTC,HILLSBORO RD,T2,LTC_VACUUM_A,OIL,SubTranLTC,REINHAUSEN,1972,RMV,69,24/32/40//44.4,69.000,,DESSICANT-BREATHING,,345,0,,1,,T-2,1,0,,RMV Retrofit
10049498,51439-A,XFMR,,161/69,HILLSBORO RD,T2,TRN_IEEE_INC_69KV,OIL,SubTranLTC,NAT,1972,,69,44.8,69.000,,INERT GAS-PRESSURE,OA/FA/FA,6565,0,,1,,T-2,1,0,,
10049345,51331-A,XFMR,,161/69,HURRICANE CREEK,T1,TRN_IEEE_INC_69_288KV,OIL,SubTranNonLTC,NAT,1994,,161.7,30/40/50//56,161.000,,INERT GAS-PRESSURE,OA/FA/FA,5390,0,,1,,T-1,1,0,,
10049346,70292-1,LTC,,OLTC,HURRICANE CREEK,T3,LTC_VACUUM_A,OIL,SubTranLTC,REINHAUSEN,1986,RMV,161.7,36/48/60//67.2,161.700,,DESSICANT-BREATHING,OTHER,0,0,,1,,T-3,1,0,0,RMV Retrofit
10049346,70292-1,XFMR,,161/69,HURRICANE CREEK,T3,TRN_IEEE_INC_69_288KV,OIL,SubTranLTC,FED PAC,1986,,161.7,36/48/60//67.2,161.000,,CONSERVATOR/DIAPHRAGM,OA/FA/FA,9300,0,,1,,T-3,1,0,,
10049527,19189-10101,LTC,,OLTC,HURRICANE CREEK,T4,LTC_VACUUM_A,OIL,SubTranLTC,REINHAUSEN,1999,RMV,161.7,67.2,161.700,,DESSICANT-BREATHING,OTHER,336,0,,1,,T-4 LTC,1,0,0,
10049527,19189-10101,XFMR,,161/69,HURRICANE CREEK,T4,TRN_IEEE_INC_69_288KV,OIL,SubTranLTC,FER PACK,1999,,161.7,67.2,161.000,,CONSERVATOR/DIAPHRAGM,OA/FA/FA,11173,0,,1,,T-4,1,0,,
10049547,G711-01,XFMR,,161/69,HURRICANE CREEK,T6,TRN_IEEE_INC_69_288KV,OIL,SubTranNonLTC,GE-PROLEC,2000,,161.7,30/40/50//56,161.000,,CONSERVATOR/DIAPHRAGM,OA/FA/FA,8000,0,,1,,T-6,1,0,,
655,4009,UNIDENTIFIED,,,HYDRAULIC 4009,,,Other,,,,,,,0.000,,,,0,,,,,,,,,
656,4305,UNIDENTIFIED,,,HYDRAULIC 4305,,,Other,,,,,,,0.000,,,,0,,,,,,,,,
657,4372,UNIDENTIFIED,,,HYDRAULIC 4372,,,Other,,,,,,,0.000,,,,0,,,,,,,,,
10049390,930992,DIV,,,INACTIVE,EAST #1,,,SubTranLTC,MOLONEY ELECTRIC,,,69,,,,,,,,,,,,0,0,,
10049390,930992,SEL,,,INACTIVE,EAST #1,,,SubTranLTC,MOLONEY ELECTRIC,,,69,,,,,,,,,,,,0,0,,
10049390,930992,XFMR,,161/69,INACTIVE,EAST T1,TRN_IEEE_INC_69KV,OIL,SubTranLTC,MOLONEY ELECTRIC,1959,,69,40,69.000,,INERT GAS-PRESSURE,OA/FA/FA,7350,0,,1,,T-1,0,0,,TAPCHANGER SHAFT BROKE AT C PHASE.
106791,9502-1,LTC,,OLTC,INACTIVE,"MOBILE, 35MVA",LTC_VACUUM_A,OIL,SubTranLTC,MOLONEY ELECTRIC,,FOA,161.7,,161.700,,SEALED,,345,0,,1,,,1,0,0,
106791,9502-1,XFMR,,161/69,INACTIVE,"MOBILE, 35MVA",TRN_IEEE_INC_69_288KV,OIL,SubTranLTC,MOLONEY ELECTRIC,1994,FOA,161.7,35,161.700,,INERT GAS-PRESSURE,OA/FA/FOA,3100,0,,1,,,1,0,0,Failed at Brick Church 5-23-2011.
10049436,8803002,XFMR,,161/69,INACTIVE,ROSEBANK #2,TRN_IEEE_INC_69_288KV,OIL,SubTranLTC,GENERAL ELECTRIC,,OAPT,69,,138.000,,,,5860,,,,,FAILED T-2,0,0,,
10049436,8803002,LTC,,,INACTIVE,ROSEBANK #2,,,SubTranLTC,GENERAL ELECTRIC,,OAPT,69,,,,,,,,,,,,0,0,,
10049427,RFP-3465-1,LTC,,OLTC,INACTIVE,STORED AT BRICK CHURCH,LTC_NONDIVERTER_A,OIL,SubTranLTC,WESTINGHOUSE,1970,UTT A,69,44.8,69.000,,SEALED,,0,0,,1,,T-1,0,0,,
10049427,RFP-3465-1,XFMR,,161/69,INACTIVE,STORED AT BRICK CHURCH,TRN_IEEE_INC_69KV,OIL,SubTranLTC,WESTINGHOUSE,1970,,69,44.8,69.000,,INERT GAS-PRESSURE,OA/FA/FA,9860,0,,1,,T-1,0,0,,
155,F-960255J-0000155,XFMR,,4kv,LYNNWOOD 4KV,,TRN_IEEE_INC_69KV,OIL,,G.E.,,,,,23.900,,,,560,,,,,,,,,
10049412,D-577892,LTC,,OLTC,MADISON,T1,LTC_NONDIVERTER_A,OIL,SubTranLTC,GE,1964,LRT 65 D3,69,44.4,69.000,,SEALED,,0,0,,1,,T-1 LTC,1,0,,REACTOR IS IN THE MAIN TANK IN A BAFFLE. THE REACTOR SAMPLING VALVE IS AT THE BOTTOM OF THE TAPCHANGER CABINET.
10049412,D-577892,XFMR,,161/69,MADISON,T1,TRN_IEEE_INC_69KV,OIL,SubTranLTC,GE,1964,,69,44.8,69.000,,INERT GAS-PRESSURE,OA/FA/FA,8485,0,,1,,T-1,1,0,,
10049412,D-577892,OLTC REACTOR,,OLTC,MADISON,T1,TRN_IEEE_INC_69KV,OIL,POWER TRANSFORMER,GE,1964,LRT 65 D3,69-13.8,44.8,69.000,,INERT GAS-PRESSURE,,100,0,,1,,,1,0,,"The reactor is located in the main tank. The sampling valve is usually located at the bottom of the LTC cabinet. Do not sample this routinely, only for fault analysis location."
10049368,RFP-34653-1,LTC,,OLTC,MADISON,T3,LTC_NONDIVERTER_A,OIL,SubTranLTC,WEST,1964,UTT A,69,24/32/40,69.000,,SEALED,,0,0,,1,,T-3 LTC,1,0,,
10049368,RFP-34653-1,XFMR,,161/69,MADISON,T3,TRN_IEEE_INC_69KV,OIL,SubTranLTC,WEST,1964,,69,24/32/40,69.000,,INERT GAS-PRESSURE,OA/FA/FA,9860,0,,1,,T-3,1,0,,
10049341,70370-B,LTC,,OLTC,MCCRORY,T2,LTC_VACUUM_A,OIL,SubTranLTC,REINHAUSEN,1989,RMV,161.7,67.2,161.700,,SEALED,OTHER,150,0,,1,,T-1 LTC,1,0,0,RMV Retrofit
10049341,70370-B,XFMR,,161/69,MCCRORY,T2,TRN_IEEE_INC_69_288KV,OIL,SubTranLTC,NAT,1989,,161.7,67.2,161.000,,CONSERVATOR/DIAPHRAGM,OA/FA/FA,9531,0,,1,,T2,1,0,,
10049511,MLL-5343-2,LTC,,OLTC,MCCRORY,T3,LTC_VACUUM_A,OIL,SubTranLTC,REINHAUSEN,1988,RMV UVT,161.7,67.2,161.700,,DESSICANT-BREATHING,,410,0,,1,,T-3 LTC,1,0,,VACUTAP TAP CHANGER
10049511,MLL-5343-2,XFMR,,161/69,MCCRORY,T3,TRN_IEEE_INC_69_288KV,OIL,SubTranLTC,WEST,1988,,161.7,67.2,161.700,,CONSERVATOR/DIAPHRAGM,OA/FA/FA,10400,0,,,,T-3,1,0,,
10049415,D-589470,LTC,,OLTC,METRO CENTER,T2,LTC_NONDIVERTER_A,OIL,SubTranLTC,GE,1966,LRT 65 D2,69,44.8,69.000,,SEALED,,465,0,,1,,T-2 LTC,1,0,,REACTOR IS IN THE MAIN TANK IN A BAFFLE. THE REACTOR SAMPLING VALVE IS AT THE BOTTOM OF THE TAPCHANGER CABINET.
10049415,D-589470,XFMR,,161/69,METRO CENTER,T2,TRN_IEEE_INC_69KV,OIL,SubTranLTC,GE,1966,,69,44.8,69.000,,INERT GAS-PRESSURE,OA/FA/FA,7635,0,,1,,T-2,1,0,,
10049415,D-589470,OLTC REACTOR,,OLTC,METRO CENTER,T2,TRN_IEEE_INC_69KV,OIL,POWER TRANSFORMER,GE,1966,LRT 65 D2,69-13.8,44.8,69.000,,INERT GAS-PRESSURE,,100,0,,1,,,1,0,,"The reactor is located in the main tank. The sampling valve is usually located at the bottom of the LTC cabinet. Do not sample this routinely, only for fault analysis location."
10049416,D-589469,LTC,,OLTC,METRO CENTER,T3,LTC_NONDIVERTER_A,OIL,SubTranLTC,GE,1966,LRT 65 D2,69,44.4,69.000,,SEALED,,0,1,,1,,T-3 LTC,1,0,,REACTOR IS IN THE MAIN TANK IN A BAFFLE. THE REACTOR SAMPLING VALVE IS AT THE BOTTOM OF THE TAPCHANGER CABINET.
10049416,D-589469,XFMR,,161/69,METRO CENTER,T3,TRN_IEEE_INC_69KV,OIL,SubTranLTC,GE,1966,,69,44.8,69.000,,INERT GAS-PRESSURE,OA/FA/FA,7635,0,,1,,T-3,1,0,,
10049416,D-589469,OLTC REACTOR,,OLTC,METRO CENTER,T3,TRN_IEEE_INC_69KV,OIL,POWER TRANSFORMER,GE,1966,LRT 65 D2,69-13.8,44.8,69.000,,INERT GAS-PRESSURE,,100,0,,1,,,1,0,,"The reactor is located in the main tank. The sampling valve is usually located at the bottom of the LTC cabinet. Do not sample this routinely, only for fault analysis location."
106813,9699-1,XFMR,,161/69,MOBILE,50MVA REG,TRN_IEEE_INC_69_288KV,OIL,SubTranLTC,MOLONEY,1994,,,50,23.900,,INERT GAS-PRESSURE,OA/FA/FOA,1500,0,,1,,,1,0,0,
106813,9699-1,LTC,,OLTC,MOBILE,50MVA REG,LTC_RESISTIVE_A,OIL,SubTranLTC,ASEA,,UZERN,,,23.900,,SEALED,OTHER,0,0,,1,,,1,0,0,
106810,9501-1,XFMR,,161/69,MOBILE,50MVA XFMR,TRN_IEEE_INC_69_288KV,OIL,SubTranNonLTC,MOLONEY,1994,,69,50,161.000,,INERT GAS-PRESSURE,OA/FA/FOA,2720,0,,1,,,0,1,0,
106815,2865784,XFMR,,4kv,MOBILE,5MVA,TRN_IEEE_INC_69KV,OIL,SubTranNonLTC,AC,,,13.8,5,13.200,,SEALED,OA,1026,0,,1,,,1,0,,
10049347,70301-1,LTC,,OLTC,MURFREESBORO RD,T2,LTC_VACUUM_A,OIL,SubTranLTC,REINHAUSEN,1987,RMV,161.7,67.2,161.700,,DESSICANT-BREATHING,OTHER,0,0,,1,,T-2 LTC,1,0,0,RMV Retrofit
10049347,70301-1,XFMR,,161/69,MURFREESBORO RD,T2,TRN_IEEE_INC_69_288KV,OIL,SubTranLTC,FED PAC,1987,,161.7,67.2,161.000,,INERT GAS-PRESSURE,OA/FA/FA,9265,0,,1,,T-2,1,0,,
10049348,MLL-5343-1,LTC,,OLTC,MURFREESBORO RD,T3,LTC_VACUUM_A,OIL,SubTranLTC,REINHAUSEN,1988,RMV UVT,161.7,67.2,161.700,,DESSICANT-BREATHING,,0,0,,1,,T-3 LTC,1,0,,VACUTAP TAP CHANGER
10049348,MLL-5343-1,XFMR,,161/69,MURFREESBORO RD,T3,TRN_IEEE_INC_69_288KV,OIL,SubTranLTC,WEST,1988,SL,161.7,67.2,161.000,,CONSERVATOR/DIAPHRAGM,OA/FA/FA,10400,0,,1,,T-3,1,0,,
141,W290034-0000141,XFMR,,4kv,NASCAR CAFE,Padmount,TRN_IEEE_INC_69KV,OIL,,DELTA STAR,,,,,13.800,,,,0,,,,,,,,,
482,6535916-0000482,XFMR,,4kv,NOELTON #1 4KV,,TRN_IEEE_INC_69KV,OIL,,WESTINGHOUSE,,,,,0.000,,,,0,,,,,T01,,,,
10048874,1-NV-43100,OCB TANK 3,,,NOLENSVILLE RD,F10B,OCB_GENERIC,OIL,TANK 3,WESTINGHOUSE,,,,,23.900,,,,73,,,,,TANK 3,,,,
10048874,1-NV-43100,OCB TANK 1,,,NOLENSVILLE RD,F10B,OCB_GENERIC,OIL,TANK 1,WESTINGHOUSE,,,,,23.900,,,,73,,,,,TANK 1,,,,
10048874,1-NV-43100,OCB TANK 2,,,NOLENSVILLE RD,F10B,OCB_GENERIC,OIL,TANK 2,WESTINGHOUSE,,,,,23.900,,,,73,,,,,TANK 2,,,,
10048873,2-NV-43100,OCB TANK 1,,,NOLENSVILLE RD,F8B,OCB_GENERIC,OIL,TANK 1,WESTINGHOUSE,,,,,23.000,,,,73,,,,,TANK #1,,,,
10048873,2-NV-43100,OCB TANK 3,,,NOLENSVILLE RD,F8B,OCB_GENERIC,OIL,TANK 3,WESTINGHOUSE,,,,,23.000,,,,73,,,,,TANK #3,,,,
10048873,2-NV-43100,OCB TANK 2,,,NOLENSVILLE RD,F8B,OCB_GENERIC,OIL,TANK 2,WESTINGHOUSE,,,,,23.000,,,,73,,,,,TANK #2,,,,
10049520,A6980,LTC,,OLTC,NOLENSVILLE RD,T1,LTC_RESISTIVE_A,OIL,SubTranLTC,ASEA,1985,UZD,161.7,67.2,161.700,,DESSICANT-BREATHING,,100,1,,1,,T-1 LTC,1,0,,
10049520,A6980,XFMR,,161/69,NOLENSVILLE RD,T1,TRN_IEEE_INC_69_288KV,OIL,SubTranLTC,ASEA,1985,,161.7,67.2,161.000,,CONSERVATOR/DIAPHRAGM,OA/FA,11386,0,,1,,T-1,1,0,,
10049350,C-05742-5-1,LTC,,OLTC,NOLENSVILLE RD,T2,LTC_NONDIVERTER_A,OIL,SubTranLTC,MCGE,1977,550 C,161.7,67.2,161.700,,FREE-BREATHING,,410,0,,1,,T-2 LTC,1,0,,
10049350,C-05742-5-1,XFMR,,161/69,NOLENSVILLE RD,T2,TRN_IEEE_INC_69_288KV,OIL,SubTranLTC,MCGE,1977,,161.7,67.2,161.000,,CONSERVATOR/DIAPHRAGM,OA/FA/FA,12360,0,,1,,T-2,1,0,,
10049500,7000086,XFMR,,161/69,NORTH,SPARE,TRN_IEEE_INC_69_288KV,OIL,SubTranNonLTC,WEST,1962,,161.7,100,161.000,,INERT GAS-PRESSURE,FOA-2 STAGE,5950,0,,0,,91,0,1,,
10049417,7000087,XFMR,,161/69,NORTH,T1-A,TRN_IEEE_INC_69_288KV,OIL,SubTranNonLTC,WEST,1962,,161.7,100,161.000,,INERT GAS-PRESSURE,FOA-2 STAGE,5950,0,,0,,T1-A,1,0,,
10049418,7000084,XFMR,,161/69,NORTH,T1-B,TRN_IEEE_INC_69_288KV,OIL,SubTranNonLTC,WEST,1962,,161.7,100,161.000,,INERT GAS-PRESSURE,FOA-2 STAGE,5950,0,,0,,T1-B,1,0,,
10049419,7000085,XFMR,,161/69,NORTH,T1-C,TRN_IEEE_INC_69_288KV,OIL,SubTranNonLTC,WEST,1962,,161.7,100,161.000,,INERT GAS-PRESSURE,FOA-2 STAGE,5950,0,,0,,T1-C,1,0,,
10049420,7000880,XFMR,,161/69,NORTH,T2-A,TRN_IEEE_INC_69_288KV,OIL,SubTranNonLTC,GE,2006,,161.7,100,161.000,,INERT GAS-PRESSURE,FOA-2 STAGE,6245,0,,0,,T2-A,1,0,,Failed and rewound and returned to service in 2006.
10049421,7000882,XFMR,,161/69,NORTH,T2-B,TRN_IEEE_INC_69_288KV,OIL,SubTranNonLTC,WEST,1962,,161.7,100,161.000,,INERT GAS-PRESSURE,FOA-2 STAGE,6245,0,,0,,T2-B,1,0,,
10049422,7000881,XFMR,,161/69,NORTH,T2-C,TRN_IEEE_INC_69_288KV,OIL,SubTranNonLTC,WEST,1962,,161.7,100,161.000,,INERT GAS-PRESSURE,FOA-2 STAGE,6245,0,,0,,T2-C,1,0,,
10049423,RFP-3465-2,LTC,,OLTC,OLD HICKORY,T2,LTC_NONDIVERTER_A,OIL,SubTranLTC,WEST,1970,UTT A,69,44.8,69.000,,SEALED,,360,0,,1,,T-2 LTC,1,0,,
10049423,RFP-3465-2,XFMR,,161/69,OLD HICKORY,T2,TRN_IEEE_INC_69KV,OIL,SubTranLTC,WEST,1970,SL,69,44.8,69.000,,INERT GAS-PRESSURE,OA/FA/FA,9860,0,,1,,T-2,1,0,,
100015,100190503,LTC,,OLTC,OLD HICKORY,T3,LTC_VACUUM_A,OIL,SubTranLTC,REINHAUSEN,2003,RMV,69,44.8,69.000,,DESSICANT-BREATHING,,345,0,,1,,T-3 LTC,1,0,,
100015,100190503,XFMR,,161/69,OLD HICKORY,T3,TRN_IEEE_INC_69KV,OIL,SubTranLTC,US-WEST,2003,,69,44.8,69.000,,INERT GAS-PRESSURE,OA/FA/FA,9860,0,,1,,T-3,1,0,,
10068201,G1686-02,LTC,,OLTC,OLD SMYRNA,T2,LTC_VACUUM_A,OIL,SubTranLTC,REINHAUSEN,2005,RMV,161.7,67.2,161.700,,DESSICANT-BREATHING,,345,0,,1,,00533TC,1,0,,
10068201,G1686-02,XFMR,,161/69,OLD SMYRNA,T2,TRN_IEEE_INC_69_288KV,OIL,SubTranLTC,GE-PROLEC,2005,,161.7,67.2,161.000,,CONSERVATOR/DIAPHRAGM,OA/FA/FA,9537,1,,1,,T-2,1,0,,
10068206,G1686-01,LTC,,OLTC,OLD SMYRNA,T3,LTC_VACUUM_A,OIL,SubTranLTC,REINHAUSEN,2005,RMV,161.7,67.2,161.700,,DESSICANT-BREATHING,,345,0,,1,,00532TC,1,0,,
10068206,G1686-01,XFMR,,161/69,OLD SMYRNA,T3,TRN_IEEE_INC_69_288KV,OIL,SubTranLTC,GE-PROLEC,2005,,161.7,67.2,161.000,,CONSERVATOR/DIAPHRAGM,OA/FA/FA,9537,0,,1,,T-3,1,0,,
672,C-41187-1-2,XFMR,,4kv,OPRYLAND,Padmount,TRN_IEEE_INC_69KV,OIL,,,,,23.9,,0.000,,,,0,,,,,,,,,
671,C-41187-1-1,XFMR,,4kv,OPRYLAND,Padmount,TRN_IEEE_INC_69KV,OIL,,,,,23.9,,0.000,,,,0,,,,,,,,,
591,3316533204,XFMR,,4kv,PADMOUNT 096-54-806-1,,TRN_IEEE_INC_69KV,,,,,,,,0.000,,,,0,,,,,,,,,
273,90107406422-0000273,XFMR,,4kv,PADMOUNT 68-55-813,,TRN_CPS_ESTER_INC_69KV,ESTER,,ERMCO,,,,,0.000,,,,0,,,,,SOYBEAN OIL,,,,
272,90107406423-0000272,XFMR,,4kv,PADMOUNT 68-55-814,,TRN_IEEE_INC_69KV,ESTER,,ERMCO,,,,,14.400,,,,0,,,,,SOYBEAN OIL,,,,
274,10207443695-0000274,XFMR,,4kv,PADMOUNT 68-55-815,,TRN_IEEE_INC_69KV,OIL,,ERMCO,,,,,14.400,,,,0,,,,,,,,,
271,90107406424-0000271,XFMR,,4kv,PADMOUNT 78-05-806,,TRN_CPS_ESTER_INC_69KV,ESTER,,ERMCO,,,,,14.400,,,,0,,,,,SOYBEAN OIL,,,,
275,10207443681-0000275,XFMR,,4kv,PADMOUNT 78-05-809,,TRN_IEEE_INC_69KV,OIL,,ERMCO,,,,,14.400,,,,0,,,,,,,,,
276,10207443693-0000276,XFMR,,4kv,PADMOUNT 78-05-810,,TRN_IEEE_INC_69KV,OIL,,ERMCO,,,,,14.400,,,,0,,,,,,,,,
106846,G2529-03,XFMR,,161/69,PEABODY,T2,TRN_IEEE_INC_69KV,OIL,SubTranLTC,GE-PROLEC,2011,ONAN/ONAF/ONAF,69,24/32/40//44.8,69.000,,CONSERVATOR,OA/FA/FA,7464,0,65,1,,714,1,0,,
106846,G2529-03,LTC,,OLTC,PEABODY,T2,LTC_VACUUM_A,OIL,SubTranLTC,REINHAUSEN,2011,RMV II,69,24/32/40//44.8,69.000,,DESSICANT-BREATHING,,343,,65,1,,715,1,0,,
106847,G2529-01,XFMR,,161/69,PEABODY,T3,TRN_IEEE_INC_69KV,OIL,SubTranLTC,GE-PROLEC,2011,ONAN/ONAF/ONAF,69,24/32/40//44.8,69.000,,CONSERVATOR,OA/FA/FA,7464,0,,1,,716,1,0,,
106847,G2529-01,LTC,,OLTC,PEABODY,T3,LTC_VACUUM_A,OIL,SubTranLTC,REINHAUSEN,2011,RMV II,69,24/32/40//44.8,69.000,,DESSICANT-BREATHING,,343,0,,1,,717,1,0,1,
106848,G2529-02,XFMR,,161/69,PEABODY,T4,TRN_IEEE_INC_69KV,OIL,SubTranLTC,GE-PROLEC,2011,ONAN/ONAF/ONAF,69,24/32/40//44.8,69.000,,CONSERVATOR,OA/FA/FA,7464,0,65,1,,718,1,0,,
106848,G2529-02,LTC,,OLTC,PEABODY,T4,LTC_VACUUM_A,OIL,SubTranLTC,REINHAUSEN,2011,RMV II,69,24/32/40//44.8,69.000,,DESSICANT-BREATHING,,343,0,65,1,,719,1,0,,
10049497,51439-B,LTC,,OLTC,PENNINGTON BEND,T2,LTC_VACUUM_A,OIL,SubTranLTC,REINHAUSEN,1997,RMV,69,44.8,69.000,,DESSICANT-BREATHING,OTHER,345,0,,1,,T-2 LTC,1,0,0,
10049497,51439-B,XFMR,,161/69,PENNINGTON BEND,T2,TRN_IEEE_INC_69KV,OIL,SubTranLTC,NAT,1997,,69,44.8,69.000,,INERT GAS-PRESSURE,OA/FA/FA,9500,0,,1,,T-2,1,0,,
10049426,01-8226-60990-3,LTC,,OLTC,PENNINGTON BEND,T3,LTC_VACUUM_A,OIL,SubTranLTC,REINHAUSEN,1975,RMV,69,44.8,69.000,,DESSICANT-BREATHING,OTHER,0,0,,1,,T-3 LTC,1,0,0,
10049426,01-8226-60990-3,XFMR,,161/69,PENNINGTON BEND,T3,TRN_IEEE_INC_69KV,OIL,SubTranLTC,AC,1975,,69,44.8,69.000,,INERT GAS-PRESSURE,OA/FA/FA,6399,0,,1,,T-3,1,0,,
10049545,F-66280900,XFMR,,161/69,PENNINGTON BEND,T4,TRN_IEEE_INC_69KV,OIL,SubTranLTC,SWE,2011,,69,44.8,69.000,,INERT GAS-PRESSURE,OA/FA/FA,4295,,,1,,0266REB,1,0,,Unit rebuilt 2011.  MFR Southwest  Previous ID 0000266
10049545,F-66280900,LTC,,OLTC,PENNINGTON BEND,T4,LTC_VACUUM_A,OIL,SubTranLTC,REINHAUSEN,2011,RMV,69,44.8,69.000,,DESSICANT-BREATHING,,400,0,,1,,266TCRB,1,0,0,UNIT REBUILT BY SOUTHWEST 2011.  FORMER ID 00266TC
10049519,911099,XFMR,,161/69,RADNOR,SPARE,TRN_IEEE_INC_69_288KV,OIL,SubTranNonLTC,MOLONEY,1954,CR,161.7,83,161.000,,INERT GAS-PRESSURE,FOA-2 STAGE,12380,0,,0,,SPARE,0,1,,
10049430,911100,XFMR,,161/69,RADNOR,T1-A,TRN_IEEE_INC_69_288KV,OIL,SubTranNonLTC,MOLONEY,1954,,161.7,83,161.000,,INERT GAS-PRESSURE,FOA-2 STAGE,12380,0,,0,,T-1A,1,0,,
10049431,911101,XFMR,,161/69,RADNOR,T1-B,TRN_IEEE_INC_69_288KV,OIL,SubTranNonLTC,MOLONEY,1954,,161.7,83,161.000,,INERT GAS-PRESSURE,FOA-2 STAGE,12380,0,,0,,T-1B,1,0,,
10049432,911102,XFMR,,161/69,RADNOR,T1-C,TRN_IEEE_INC_69_288KV,OIL,SubTranNonLTC,MOLONEY,1954,,161.7,83,161.000,,INERT GAS-PRESSURE,FOA-2 STAGE,12380,0,,0,,T-1C,1,0,,
10049553,19791-10102,LTC,,OLTC,RADNOR,T11,LTC_VACUUM_A,OIL,SubTranLTC,REINHAUSEN,2001,RMV,161.7,80,161.700,,DESSICANT-BREATHING,OTHER,345,0,,1,,T-11 LTC,1,0,0,
10049553,19791-10102,XFMR,,161/69,RADNOR,T11,TRN_IEEE_INC_69_288KV,OIL,SubTranLTC,FER PACK,2001,,161.7,89.6,161.000,,CONSERVATOR/DIAPHRAGM,OA/FA/FA,9880,0,,1,,T-11,1,0,,Rebuilt by Southwest 2013. DD
10049554,19791-10101,LTC,,OLTC,RADNOR,T12,LTC_VACUUM_A,OIL,SubTranLTC,REINHAUSEN,2001,RMV,161.7,80,161.700,,DESSICANT-BREATHING,OTHER,345,0,,1,,T-12 LTC,1,0,0,
10049554,19791-10101,XFMR,,161/69,RADNOR,T12,TRN_IEEE_INC_69_288KV,OIL,SubTranLTC,FER PACK,2001,,161.7,86.6,161.000,,CONSERVATOR/DIAPHRAGM,OA/FA/FA,9880,0,,1,,T-12,1,0,,
10049433,158150,XFMR,,161/69,RADNOR,T2-A,TRN_IEEE_INC_69_288KV,OIL,SubTranNonLTC,FER PACK,1967,,161.7,83.3,161.000,,CONSERVATOR,OA/FA/FA,8400,0,,0,,T-2A,1,0,,
10049434,158149,XFMR,,161/69,RADNOR,T2-B,TRN_IEEE_INC_69_288KV,OIL,SubTranNonLTC,FER PACK,1967,,161.7,83.3,161.000,,CONSERVATOR,OA/FA/FA,8400,0,,0,,T-2B,1,0,,
10049435,158148,XFMR,,161/69,RADNOR,T2-C,TRN_IEEE_INC_69_288KV,OIL,SubTranNonLTC,FER PACK,1967,,161.7,83.3,161.000,,CONSERVATOR,OA/FA/FA,8400,0,,0,,T-2C,1,0,,
Regions T1,20110705021,XFMR,NES,,REGIONS,T1,TRN_IEEE_INC_69KV,OIL,POWER TRANSFORMER,PAUWELS,,,23.9/13.8-.480/.277,2.5,23.900,,SEALED,OA,517,,55,1,,,1,,,
Regions T2,876005734,XFMR,NES,,REGIONS,T2,TRN_IEEE_INC_69KV,OIL,POWER TRANSFORMER,RTE-ASEA,,,23.9/13.8-.480/.277,2.5,23.900,,SEALED,OA,656,,,,,,1,,,
10049394,4086479,XFMR,,161/69,ROSEBANK,T2,TRN_IEEE_INC_69KV,OIL,SubTranLTC,WEST,1948,SHELL FORM,69,20,69.000,,INERT GAS-PRESSURE,OA/FA/FA,4730,0,,1,,T-2,1,0,,The OLTC Selector switch is located in the main tank.
10049394,4086479,DIV,,OLTC,ROSEBANK,T2,LTC_DIVERTER_A,OIL,SubTranLTC,WEST,1948,UNR,69,20,69.000,1200,FREE-BREATHING,OTHER,450,0,,1,,T-2 LTC,1,0,0,DIVERTER IS IN FRONT TANK AND THE SELECTOR SWITCH IS IN MAIN TANK.
10049437,8803001,SEL,,OLTC,ROSEBANK,T3,LTC_SELECTOR_A,OIL,SubTranLTC,GE,1948,LRT 59,69,20,0.000,,SEALED,,0,0,,1,,T-3 LTC,1,0,,SELECTOR IS IN TOP COMPARTMENT.
10049437,8803001,XFMR,,161/69,ROSEBANK,T3,TRN_IEEE_INC_69KV,OIL,SubTranLTC,GE,1948,OAPT,69,20,69.000,,INERT GAS-PRESSURE,OA/FA/FA,5860,0,,1,,T-3,1,0,,
10049437,8803001,DIV,,OLTC,ROSEBANK,T3,LTC_DIVERTER_A,OIL,SubTranLTC,GE,1948,LRT 59,69,20,69.000,,SEALED,,570,0,,1,,T-3 LTC,1,0,,DIVERTER IS LOCATED IN BOTTOM COMPARTMENT.
10049351,70320-2,LTC,,OLTC,SAUNDERSVILLE,T2,LTC_VACUUM_A,OIL,SubTranLTC,REINHAUSEN,1988,RMV,161.7,67.2,161.700,,DESSICANT-BREATHING,OTHER,0,0,,1,,T-2 LTC,1,0,,RMV Retrofit
10049351,70320-2,XFMR,,161/69,SAUNDERSVILLE,T2,TRN_IEEE_INC_69_288KV,OIL,SubTranLTC,FED PAC,1988,,161.7,67.2,161.000,,CONSERVATOR/DIAPHRAGM,OA/FA/FA,9300,0,,1,,T-2,1,0,,
10049352,70401-A,LTC,,OLTC,SAUNDERSVILLE,T3,LTC_VACUUM_A,OIL,SubTranLTC,REINHAUSEN,1991,RMV,161.7,67.2,161.700,,DESSICANT-BREATHING,OTHER,0,0,,1,,T-3 LTC,1,0,,RMV Retrofit
10049352,70401-A,XFMR,,161/69,SAUNDERSVILLE,T3,TRN_IEEE_INC_69_288KV,OIL,SubTranLTC,NAT,1991,,161.7,67.2,161.000,,CONSERVATOR/DIAPHRAGM,OA/FA/FA,9425,0,,1,,T-3,1,0,,
10049549,E30120702,LTC,,OLTC,SHARONDALE,T2,LTC_VACUUM_A,OIL,SubTranLTC,REINHAUSEN,2001,RMV II,161.7,67.2,161.700,,DESSICANT-BREATHING,OTHER,345,0,,1,,T-2 LTC,1,0,,
10049549,E30120702,XFMR,,161/69,SHARONDALE,T2,TRN_IEEE_INC_69_288KV,OIL,SubTranLTC,DSTAR,2001,,161.7,67.2,161.000,,CONSERVATOR/DIAPHRAGM,OA/FA/FA,11375,0,,1,,T-2,1,0,,
10049528,19319-10101,LTC,,OLTC,SHARONDALE,T3,LTC_VACUUM_A,OIL,SubTranLTC,REINHAUSEN,1999,RMV II,161.7,67.2,161.700,,DESSICANT-BREATHING,OTHER,345,0,,1,,T-3 LTC,1,0,,
10049528,19319-10101,XFMR,,161/69,SHARONDALE,T3,TRN_IEEE_INC_69_288KV,OIL,SubTranLTC,FER PACK,1999,,161.7,67.2,161.000,,CONSERVATOR/DIAPHRAGM,OA/FA/FA,10870,0,,1,,T-3,1,0,,
10049504,3762843,XFMR,,161/69,SOUTH,GND-1,TRN_IEEE_INC_69KV,OIL,SubTranNonLTC,GE,1975,HT,13.8,1,13.800,,INERT GAS-PRESSURE,OA,500,0,,0,,GND 1,1,0,,
104745,89G99,XFMR,,161/69,SOUTH,GND-2,TRN_IEEE_INC_69KV,OIL,SubTranNonLTC,UPTEGRAFF,2000,PTZ,13.8,1.275,13.800,,INERT GAS-PRESSURE,OA,367,0,,0,,GND 2,1,0,,
104744,UGP-52371,XFMR,,161/69,SOUTH,R1,TRN_IEEE_INC_69KV,OIL,SubTranLTC,WEST,1975,UTT,13.8,74.6,13.800,,INERT GAS-PRESSURE,OA/FA,3889,0,,1,,R-1,1,0,1,
104744,UGP-52371,LTC,,OLTC,SOUTH,R1,LTC_NONDIVERTER_A,OIL,SubTranLTC,WEST,1975,UTT B,13.8,74.6,14.400,,SEALED,OTHER,3889,0,,1,,R1 TAPCHANGER,1,0,,
10049516,9812401152,XFMR,,161/69,SOUTH,R2,TRN_IEEE_INC_69KV,OIL,SubTranLTC,SWE,1999,,13.8,74.6,13.800,,INERT GAS-PRESSURE,OA/FA,3720,0,,1,,R-2,1,0,,
10049516,9812401152,LTC,,OLTC,SOUTH,R2,LTC_VACUUM_A,OIL,SubTranLTC,REINHAUSEN,1999,RMV,13.8,74.6,14.400,,DESSICANT-BREATHING,,3720,0,,1,,R-2 TAPC,1,0,,
10049501,C-04741-5-4,XFMR,,161/69,SOUTH,SPARE,TRN_IEEE_INC_69_288KV,OIL,SubTranNonLTC,MCGE,1963,,161.7,100,161.000,,INERT GAS-PRESSURE,FOA-2 STAGE,10590,0,,0,,SPARE,0,1,,Spare Regulator
10049441,C-04741-5-5,XFMR,,161/69,SOUTH,T1-A,TRN_IEEE_INC_69_288KV,OIL,SubTranNonLTC,MCGE,1963,,161.7,100,161.000,,INERT GAS-PRESSURE,FOA-2 STAGE,10590,0,,0,,T-1A,1,0,,
10049442,C-04741-5-7,XFMR,,161/69,SOUTH,T1-B,TRN_IEEE_INC_69_288KV,OIL,SubTranNonLTC,MCGE,1963,,161.7,100,161.000,,INERT GAS-PRESSURE,FOA-2 STAGE,10590,0,,0,,T-1B,1,0,,
10049443,C-04741-5-6,XFMR,,161/69,SOUTH,T1-C,TRN_IEEE_INC_69_288KV,OIL,SubTranNonLTC,MCGE,1963,,161.7,100,161.000,,INERT GAS-PRESSURE,FOA-2 STAGE,10590,0,,0,,T-1C,1,0,,
10049444,C-04741-5-2,XFMR,,161/69,SOUTH,T2-A,TRN_IEEE_INC_69_288KV,OIL,SubTranNonLTC,MCGE,1963,,161.7,100,161.000,,INERT GAS-PRESSURE,FOA-2 STAGE,10590,0,,0,,T-2A,1,0,,
10049445,C-04741-5-1,XFMR,,161/69,SOUTH,T2-B,TRN_IEEE_INC_69_288KV,OIL,SubTranNonLTC,MCGE,1963,,161.7,100,161.000,,INERT GAS-PRESSURE,FOA-2 STAGE,10590,0,,0,,T-2B,1,0,,
10049446,C-04741-5-3,XFMR,,161/69,SOUTH,T2-C,TRN_IEEE_INC_69_288KV,OIL,SubTranNonLTC,MCGE,1963,,161.7,100,161.000,,INERT GAS-PRESSURE,FOA-2 STAGE,10590,0,,0,,T-2C,1,0,,
269,C-84653-5-2-0000269,XFMR,,4kv,SPARE,,TRN_IEEE_INC_69_288KV,OIL,,MCGRAW EDISON,,,,,69.000,,,,6565,,,,,,,,,
170,2371617-0000170,XFMR,,161/69,SPARE,,TRN_IEEE_INC_69KV,OIL,,ALLIS CHALMERS,,,,,13.200,,,,456,,,,,WATERWORKS,0,,,
00048-1,RFP885291-00048-1,XFMR,,161/69,SPARE,,TRN_IEEE_INC_69_288KV,OIL,,WESTINGHOUSE,,,,,69.000,,,,9860,,,,,BRICK CHURCH,0,,,
498,4842-001-0000498,XFMR,,4kv,SPARE,,TRN_IEEE_INC_69KV,OIL,,CARTE,,,,,0.000,,,,0,,,,,,,,,
10049396,5069233,LTC,,,SPARE,,,,SubTranLTC,WESTINGHOUSE,,,69,,,,,,,,,,,,0,1,,
10049507,C-501975,XFMR,,161/69,SPARE,GND-2 STORED AT WEST,TRN_IEEE_INC_69KV,OIL,SubTranNonLTC,GE,1978,,13.8,1,13.800,,SEALED,OA,467,0,,1,,GND-2,0,0,,
10049508,C-861979,XFMR,,161/69,SPARE,GND-S STORED AT WEST,TRN_IEEE_INC_69KV,OIL,SubTranNonLTC,GE,1978,,13.8,1,13.800,,SEALED,OA,467,0,,1,,GND-1,0,0,1,
10049396,5069233,XFMR,,161/69,SPARE,STORED AT BORDEAUX,TRN_IEEE_INC_69KV,OIL,SubTranLTC,WEST,1954,,69,20,69.000,,INERT GAS-PRESSURE,OA/FA/FA,4280,0,,1,,SPARE,0,1,,
10049396,5069233,DIV,,OLTC,SPARE,STORED AT BORDEAUX,LTC_DIVERTER_A,OIL,SubTranLTC,WEST,1954,,69-13.8,20,69.000,,SEALED,,,0,,,,,0,1,,DIVERTER IS IN FRONT TANK AND THE SELECTOR SWITCH IS IN MAIN TANK.
10049395,4086480,XFMR,,161/69,SPARE,STORED AT RADNOR,TRN_IEEE_INC_69_288KV,OIL,SubTranLTC,WEST,1948,SHELL FORM,69,15,69.000,,,,4730,,,,,SPARE,0,1,,From Edgehill. Stored at Radnor.
10049395,4086480,DIV,,OLTC,SPARE,STORED AT RADNOR,LTC_DIVERTER_A,OIL,SubTranLTC,WEST,1948,UT,69,15,69.000,,,,280,0,,,,SPARE,0,1,,From Edgehill. Selector switch located in main tank. Stored at Radnor.
107248,2-6332-00655-1,XFMR,,161/69,SPARE,STORED AT SOUTH,TRN_IEEE_INC_69KV,OIL,POWER TRANSFORMER,AC,1958,,13.8,53.3,13.800,2230,INERT GAS-PRESSURE,OA/FA,2647,,,,,,0,1,,STORED AT SOUTH.
107248,2-6332-00655-1,LTC,,OLTC,SPARE,STORED AT SOUTH,LTC_NONDIVERTER_A,OIL,POWER TRANSFORMER,AC,1958,TLH 20,13.8,40/53.3,13.800,2230,SEALED,OA/FA,695,,,,,,0,1,,OLD SOUTH R2 STORED AT SOUTH.
10049470,F-961738,XFMR,,161/69,SPARE,T1,TRN_IEEE_INC_69KV,OIL,SubTranLTC,GE,1969,,69,14,69.000,,SEALED,OA/FA,2650,0,,1,,SPARE,1,0,0,REMOVED FROM OLD GE PLANT. NES Owned.
10049525,50002-101-01,LTC,,OLTC,STADIUM,T2,LTC_VACUUM_A,OIL,SubTranLTC,REINHAUSEN,1999,RMV II,69,44.8,69.000,,DESSICANT-BREATHING,OTHER,343,0,,1,,T-2 LTC,1,0,,
10049525,50002-101-01,XFMR,,161/69,STADIUM,T2,TRN_IEEE_INC_69KV,OIL,SubTranLTC,FER PACK,1999,,69,44.8,69.000,,CONSERVATOR/DIAPHRAGM,OA/FA/FA,9500,0,,1,,T-2,1,0,,
10049526,50002-101-02,LTC,,OLTC,STADIUM,T3,LTC_VACUUM_A,OIL,SubTranLTC,REINHAUSEN,1999,RMV II,69,44.8,69.000,,FREE-BREATHING,OTHER,343,0,,1,,T-3 LTC,1,0,,
10049526,50002-101-02,XFMR,,161/69,STADIUM,T3,TRN_IEEE_INC_69KV,OIL,SubTranLTC,FER PACK,1999,,69,44.8,69.000,,CONSERVATOR/DIAPHRAGM,OA/FA/FA,6492,0,,1,,T-3,1,0,,
10049448,L-248544B,XFMR,Customer,161/69,STONES RIVER,T1,TRN_IEEE_INC_69KV,OIL,SubTranNonLTC,GENERAL ELECTRIC,1974,,69,8.4,69.000,,INERT GAS-PRESSURE,OA/FA,1730,0,,,,T-1,0,0,0,Privately Owned.
10049447,L-248544A,XFMR,Customer,161/69,STONES RIVER,T2,TRN_IEEE_INC_69KV,OIL,SubTranNonLTC,GENERAL ELECTRIC,1974,,69,8.4,69.000,,INERT GAS-PRESSURE,OA/FA,1730,0,,1,,T-2,0,0,0,
10049449,C-01590-5-1,DIV,,OLTC,TENTH AVE,T1,LTC_DIVERTER_A,OIL,SubTranLTC,PENN,1962,394,69,33.3,69.000,,SEALED,OTHER,0,0,,1,,T-1 LTC,1,0,,DIVERTER IS IN FRONT COMPARTMENT.
10049449,C-01590-5-1,XFMR,,161/69,TENTH AVE,T1,TRN_IEEE_INC_69KV,OIL,SubTranLTC,PENN,1962,,69,37.3,69.000,,INERT GAS-PRESSURE,OA/FA/FA,5980,0,,1,,T-1,0,0,1,
10049449,C-01590-5-1,SEL,,OLTC,TENTH AVE,T1,LTC_SELECTOR_A,OIL,SubTranLTC,PENN,1962,394,69,33.3,69.000,,SEALED,OTHER,0,0,,1,,T-1 LTC,0,0,,SELECTOR IS IN MIDDLE TANK BETEWWN DIVERTER AND MAIN TANK. IT HAS A GAS HEADSPACE THAT IS CONNECTED TO THE MAIN TANK.
10049467,RBP-1049-2,LTC,,OLTC,TENTH AVE,T1 SPARE,LTC_NONDIVERTER_A,OIL,SubTranLTC,WEST,1972,UTT A,69,44.8,69.000,,SEALED,OTHER,465,1,,1,,057-1TC,0,0,,Spare from Brick Church
10049467,RBP-1049-2,XFMR,,161/69,TENTH AVE,T1 SPARE,TRN_IEEE_INC_69KV,OIL,SubTranLTC,WEST,1972,,69,44.8,69.000,,INERT GAS-PRESSURE,OA/FA/FOA,7743,0,,1,,T-1,0,0,,Processed oil & transformer December 2008.
10049450,1922210,LTC,,OLTC,TENTH AVE,T2,LTC_NONDIVERTER_A,OIL,SubTranLTC,MOLONEY,1959,MC,69,33.3,69.000,,SEALED,,0,0,,1,,T-2 LTC,1,0,0,
10049450,1922210,XFMR,,161/69,TENTH AVE,T2,TRN_IEEE_INC_69KV,OIL,SubTranLTC,MOLONEY,1959,,69,33,69.000,,INERT GAS-PRESSURE,OA/FA/FA,6025,0,,1,,T-2,1,0,,
10049380,D-573964,LTC,,OLTC,TENTH AVE,T3,LTC_NONDIVERTER_A,OIL,SubTranLTC,GE,1965,LRT 65 D3,69,44.8,69.000,,FREE-BREATHING,,0,0,,1,,T-3,1,0,,REACTOR IS IN THE MAIN TANK IN A BAFFLE. THE REACTOR SAMPLING VALVE IS AT THE BOTTOM OF THE TAPCHANGER CABINET.
10049380,D-573964,XFMR,,161/69,TENTH AVE,T3,TRN_IEEE_INC_69KV,OIL,SubTranLTC,GE,1965,,69,44.8,69.000,,CONSERVATOR/DIAPHRAGM,OA/FA,8485,0,,1,,T-3,1,0,,Moved to Tenth Ave from Demonbreum 7-2011.
10049380,D-573964,OLTC REACTOR,,OLTC,TENTH AVE,T3,TRN_IEEE_INC_69KV,OIL,POWER TRANSFORMER,GE,1963,LRT 65 D3,69-13.8,44.8,69,,INERT GAS-PRESSURE,OA/FA,100,0,,1,,,1,0,,"The reactor is located in the main tank. The sampling valve is usually located at the bottom of the LTC cabinet. Do not sample this routinely, only for fault analysis location."
109082,E41910114,XFMR,,161/69,TRINITY HILLS,T1,TRN_IEEE_INC_69_288KV,OIL,POWER TRANSFORMER,DSTAR,2014,,161-23.9,67.2,161.000,,INERT GAS-PRESSURE,OA/FA/FA,9745,,55/65,1,,,1,0,,
109082,E41910114,LTC,,OLTC,TRINITY HILLS,T1,LTC_VACUUM_A,OIL,POWER TRANSFORMER,REINHAUSEN,2014,RMV II,,,,,DESSICANT-BREATHING,,,,,1,,,1,0,,
393,E-690510H-0000393,XFMR,,4kv,TROUSDALE UNIT,,TRN_IEEE_INC_69KV,OIL,,GE,,,,,23.9,,,,560,,,,,,,,,
507,2981309-0000507,XFMR,,4kv,TWIN LONG,,TRN_IEEE_INC_69KV,OIL,,ALLIS CHALMERS,,,,,23.900,,,,970,,,,,,,,,
10049424,2414303,XFMR,,161/69,TYSON/OSCAR MAYER,SPARE,TRN_IEEE_INC_69KV,OIL,SubTranLTC,AC,1951,,69,12.5,69.000,,SEALED,OA/FA,3272,0,,1,,T-1,1,0,,High side tap changer only. Nes owned.
10049424,2414303,LTC,,,TYSON/OSCAR MAYER,SPARE,LTC_GENERIC,OIL,,AC,1950,,,,,,,,,,,,,,,,,
10049470,F-961738,LTC,,OLTC,TYSON/OSCAR MAYER,T1,LTC_NONDIVERTER_A,OIL,POWER TRANSFORMER,GE,,LRT 72,69-13.8/7960,,69.000,,FREE-BREATHING,OA,255,,,,,,1,0,,"Spare from Bosch, GE-PLant. NES owned."
230,SCT1031-0101-0000230,XFMR,,4kv,V A HOSPITAL,,TRN_IEEE_INC_69KV,OIL,,WESTINGHOUSE,,,,,0.000,,,,470,,,,,,,,,
10049494,5069232,DIV,,OLTC,VAN BUREN,T2,LTC_DIVERTER_A,OIL,SubTranLTC,WEST,1954,UT,69,20,69.000,1200,FREE-BREATHING,,450,0,,1,,T-2 LTC,1,0,0,DIVERTER IS IN FRONT TANK AND THE SELECTOR SWITCH IS IN MAIN TANK.
10049494,5069232,XFMR,,161/69,VAN BUREN,T2,TRN_IEEE_INC_69KV,OIL,SubTranLTC,WEST,1954,SHELL FORM,69,20,69.000,1200,INERT GAS-PRESSURE,OA/FA,4280,0,,1,,T-2,1,0,,The OLTC Selector switch is located in the main tank.
10049493,4086482,DIV,,OLTC,VAN BUREN,T3,LTC_DIVERTER_A,OIL,SubTranLTC,WEST,1954,UT,69,20,69.000,1200,FREE-BREATHING,,280,0,,1,,T-3 LTC,1,0,0,DIVERTER IS IN FRONT TANK AND THE SELECTOR SWITCH IS IN MAIN TANK.
10049493,4086482,XFMR,,161/69,VAN BUREN,T3,TRN_IEEE_INC_69KV,OIL,SubTranLTC,WEST,1948,SHELL FORM,69,20,69.000,,INERT GAS-PRESSURE,OA/FA,4730,0,,1,,T-3,1,0,,The OLTC Selector switch is located in the main tank.
10049452,A1007T,XFMR,Customer,161/69,VANDERBILT,,TRN_IEEE_INC_69_288KV,OIL,,MAGNETEK,,,,,69.000,,,,6510,,,,,,0,0,0,
10049453,A1006T,XFMR,Customer,161/69,VANDERBILT,,TRN_IEEE_INC_69_288KV,OIL,,MAGNETEK,,,,,69.000,,,,6510,,,,,,0,0,0,
10049454,D-575064,LTC,,OLTC,VULTEE,T1,LTC_NONDIVERTER_A,OIL,SubTranLTC,GE,1964,LRT 65 D3,69,40,69.000,,DESSICANT-BREATHING,,0,0,,1,,T-1 LTC,1,0,0,REACTOR IS IN THE MAIN TANK IN A BAFFLE. THE REACTOR SAMPLING VALVE IS AT THE BOTTOM OF THE TAPCHANGER CABINET.
10049454,D-575064,XFMR,,161/69,VULTEE,T1,TRN_IEEE_INC_69KV,OIL,SubTranLTC,GE,1964,,69,40,69.000,,INERT GAS-PRESSURE,OA/FA/FA,8485,0,,1,,T-1,1,0,,
10049454,D-575064,OLTC REACTOR,,OLTC,VULTEE,T1,TRN_IEEE_INC_69KV,OIL,POWER TRANSFORMER,GE,1964,LRT 65 D3,69-13.8,44.8,69.000,,INERT GAS-PRESSURE,,100,0,,1,,,1,0,,"The reactor is located in the main tank. The sampling valve is usually located at the bottom of the LTC cabinet. Do not sample this routinely, only for fault analysis location."
10049455,D-574904,LTC,,OLTC,VULTEE,T2,LTC_NONDIVERTER_A,OIL,SubTranLTC,GE,1963,LRT 65 D3,69,40,69.000,,DESSICANT-BREATHING,,0,0,,1,,T-2 LTC,1,0,0,REACTOR IS IN THE MAIN TANK IN A BAFFLE. THE REACTOR SAMPLING VALVE IS AT THE BOTTOM OF THE TAPCHANGER CABINET.
10049455,D-574904,XFMR,,161/69,VULTEE,T2,TRN_IEEE_INC_69KV,OIL,SubTranLTC,GE,1963,,69,40,69.000,,INERT GAS-PRESSURE,OA/FA/FA,8485,0,,1,,T-2,1,0,,
10049455,D-574904,OLTC REACTOR,,OLTC,VULTEE,T2,TRN_IEEE_INC_69KV,OIL,POWER TRANSFORMER,GE,1964,LRT 65 D3,69-13.8,44.8,69.000,,INERT GAS-PRESSURE,,100,0,,1,,,1,0,,"The reactor is located in the main tank. The sampling valve is usually located at the bottom of the LTC cabinet. Do not sample this routinely, only for fault analysis location."
10049456,B-498681,SEL,,OLTC,WALTON LN,T2,LTC_SELECTOR_A,OIL,SubTranLTC,GE,1951,LRT 45,69,20,0.000,,SEALED,,0,0,,1,,T-2 LTC,1,0,0,Top Compartment.
10049456,B-498681,XFMR,,161/69,WALTON LN,T2,TRN_IEEE_INC_69KV,OIL,SubTranLTC,GE,1951,,69,20,69.000,,INERT GAS-PRESSURE,OA/FA/FA,5860,0,,1,,T-2,1,0,1,
10049456,B-498681,DIV,,OLTC,WALTON LN,T2,LTC_DIVERTER_A,OIL,SubTranLTC,GE,1951,LRT 45,69,20,69.000,,SEALED,,0,0,,1,,T-2 LTC,1,0,0,Bottom Compartment.
10049457,5066507,DIV,,OLTC,WALTON LN,T3,LTC_DIVERTER_A,OIL,SubTranLTC,WEST,1951,UT,69,20,69.000,1200,FREE-BREATHING,,450,0,,1,,T-3 LTC,1,0,0,DIVERTER IS IN FRONT TANK AND THE SELECTOR SWITCH IS IN MAIN TANK.
10049457,5066507,XFMR,,161/69,WALTON LN,T3,TRN_IEEE_INC_69KV,OIL,SubTranLTC,WEST,1951,SHELL FORM,69,20,69.000,,INERT GAS-PRESSURE,OA/FA,4280,0,,1,,T-3,1,0,1,The OLTC Selector switch is located in the main tank.
106798,C-00697-5-2,XFMR,,161/69,WATERWORKS,T1-A,TRN_IEEE_INC_69KV,OIL,SubTranNonLTC,PENN,1964,,13.8,1.67,14.400,,SEALED,OA,425,0,,0,,T1-A,1,0,,
106800,C-00697-5-3,XFMR,,161/69,WATERWORKS,T1-B,TRN_IEEE_INC_69KV,OIL,SubTranNonLTC,PENN,1964,,13.8,1.67,14.400,,SEALED,OA,425,0,,0,,T1-B,1,0,,
106802,C-00697-5-1,XFMR,,161/69,WATERWORKS,T1-C,TRN_IEEE_INC_69KV,OIL,SubTranNonLTC,PENN,1964,,13.8,1.67,14.400,,SEALED,OA,425,0,,0,,T1-C,1,0,,
106804,E-694045A,XFMR,,161/69,WATERWORKS,T2-A,TRN_IEEE_INC_69KV,OIL,SubTranNonLTC,GE,1964,,13.8,1.67,14.400,,SEALED,OA,405,0,,0,,T2-A,1,0,,
106806,E-694045B,XFMR,,161/69,WATERWORKS,T2-B,TRN_IEEE_INC_69KV,OIL,SubTranNonLTC,GE,1964,,13.8,1.67,14.400,,SEALED,OA,405,0,,0,,T2-B,1,0,,
106808,E-694045C,XFMR,,161/69,WATERWORKS,T2-C,TRN_IEEE_INC_69KV,OIL,SubTranNonLTC,GE,1964,,13.8,1.67,14.400,,SEALED,OA,405,0,,0,,T2-C,1,0,,
00055-1,PGR-94482-00055-1,XFMR,,4kv,WATKINS BAPTIST HOSP,,TRN_IEEE_INC_69KV,OIL,,WESTINGHOUSE,,,,,13.800,,,,438,,,,,,,,,
10049353,998416-2,XFMR,,161/69,WATKINS PARK,T1,TRN_IEEE_INC_69KV,OIL,SubTranLTC,KUHLMAN,2010,,69,44.8,69.000,,INERT GAS-PRESSURE,OA/FA/FA,6277,0,65,1,,703,1,0,,
10049353,998416-2,LTC,,OLTC,WATKINS PARK,T1,LTC_VACUUM_A,OIL,SubTranLTC,REINHAUSEN,2010,RMV II,69,44.8,69.000,,DESSICANT-BREATHING,,345,0,,1,,00703TC,1,0,0,
106809,998416-1,XFMR,,161/69,WATKINS PARK,T2,TRN_IEEE_INC_69KV,OIL,SubTranLTC,KUHLMAN,2010,,69,44.8,69.000,,INERT GAS-PRESSURE,OA/FA/FA,6277,0,,1,7.12,705,1,0,,
106809,998416-1,LTC,,OLTC,WATKINS PARK,T2,LTC_VACUUM_A,OIL,SubTranLTC,REINHAUSEN,2010,RMV II,69,44.8,69.000,,DESSICANT-BREATHING,,345,0,,1,,00705TC,1,0,0,INSTALLED APRIL 2011
10049354,D-577891,XFMR,,161/69,WATKINS PARK,T3,TRN_IEEE_INC_69KV,OIL,SubTranLTC,GE,1964,,69,44.8,69,,INERT GAS-PRESSURE,OA/FA/FA,8485,0,,1,,T-2,1,0,,
10049354,D-577891,LTC,,OLTC,WATKINS PARK,T3,LTC_NONDIVERTER_A,OIL,SubTranLTC,GE,1964,LRT 65 D3,69,44.8,69.000,,SEALED,OTHER,465,0,,1,,T-2,1,0,0,REACTOR IS IN THE MAIN TANK IN A BAFFLE. THE REACTOR SAMPLING VALVE IS AT THE BOTTOM OF THE TAPCHANGER CABINET.
10049354,D-577891,OLTC REACTOR,,OLTC,WATKINS PARK,T3,TRN_IEEE_INC_69KV,OIL,,GE,,LRT 45,,,,,,,,,,,,,,,,
108047,960828A001W-WL932A,XFMR,,161/69,WEST,GND-1,TRN_IEEE_INC_69KV,OIL,ZIG ZAG TRANSFORMER,VT,2013,,13.8,,13.800,,SEALED,,423,,,,,,1,0,0,
108048,960828A001W-WL932B,XFMR,,161/69,WEST,GND-2,TRN_IEEE_INC_69KV,OIL,ZIG ZAG TRANSFORMER,VT,2013,,13.8,,13.800,,SEALED,,423,,,,,,1,0,0,
104742,ZKS-7938-1,XFMR,,161/69,WEST,R1,TRN_IEEE_INC_69KV,OIL,SubTranLTC,WEST,1987,,13.8,74.6,13.800,,INERT GAS-PRESSURE,OA/FA,3312,0,,1,,R-1,1,0,1,
104742,ZKS-7938-1,LTC,,OLTC,WEST,R1,LTC_NONDIVERTER_A,OIL,SubTranLTC,WEST,1987,UTT,13.8,74.6,13.800,,SEALED,,360,0,,1,,R-1,1,0,0,
104743,ZKS-7960-1,XFMR,,161/69,WEST,R2,TRN_IEEE_INC_69KV,OIL,SubTranLTC,WEST,1978,,13.8,74.6,13.800,,INERT GAS-PRESSURE,OA/FA,3759,0,,1,,R-2,1,0,,
104743,ZKS-7960-1,LTC,,OLTC,WEST,R2,LTC_NONDIVERTER_A,OIL,SubTranLTC,WEST,1978,UTT,13.8,74.6,13.800,,SEALED,,360,0,,1,,R-2,1,0,0,
10049499,9H1016,XFMR,,161/69,WEST,SPARE,TRN_IEEE_INC_69_288KV,OIL,SubTranNonLTC,WAGNER,1977,,161.7,100,161.000,,INERT GAS-PRESSURE,FOA-2 STAGE,71800,0,,0,,SPARE,1,1,,
10049461,9H1019,XFMR,,161/69,WEST,T1-A,TRN_IEEE_INC_69_288KV,OIL,SubTranNonLTC,WAGNER,1977,,161.7,100,161.000,,INERT GAS-PRESSURE,FOA-2 STAGE,9800,0,,0,,T-1A,1,0,,
10049462,9H1018,XFMR,,161/69,WEST,T1-B,TRN_IEEE_INC_69_288KV,OIL,SubTranNonLTC,WAGNER,1977,,161.7,100,161.000,,INERT GAS-PRESSURE,FOA-2 STAGE,71800,0,,0,,T-1B,1,0,,
10049463,9H1017,XFMR,,161/69,WEST,T1-C,TRN_IEEE_INC_69_288KV,OIL,SubTranNonLTC,WAGNER,1977,,161.7,100,161.000,,INERT GAS-PRESSURE,FOA-2 STAGE,71800,0,,0,,T-1C,0,0,,Failed May 2014.
10049458,C-05848-5-1,XFMR,,161/69,WEST,T2-A,TRN_IEEE_INC_69_288KV,OIL,SubTranNonLTC,MCGE,1978,,161.7,100,161.000,,INERT GAS-PRESSURE,FOA-2 STAGE,11245,0,,0,,T-2A,1,0,,
10049459,C-05848-5-2,XFMR,,161/69,WEST,T2-B,TRN_IEEE_INC_69_288KV,OIL,SubTranNonLTC,MCGE,1978,,161.7,100,161.000,,INERT GAS-PRESSURE,FOA-2 STAGE,11245,0,,0,,T-2B,1,0,,
10049460,C-05848-5-3,XFMR,,161/69,WEST,T2-C,TRN_IEEE_INC_69_288KV,OIL,SubTranNonLTC,MCGE,1978,,161.7,100,69.000,,INERT GAS-PRESSURE,FOA-2 STAGE,11245,0,,0,,T-2C,1,0,,
183,6538576,XFMR,,4kv,WHISPERING HILLS,T2,TRN_IEEE_INC_69KV,OIL,POWER TRANSFORMER,WESTINGHOUSE,,,,,13.800,,FREE-BREATHING,,0,0,,1,,,1,0,,
10049464,D-577699,LTC,,OLTC,WHITEBRIDGE RD,T1,LTC_NONDIVERTER_A,OIL,SubTranLTC,GE,1964,LRT 65 D3,69,44.8,69.000,,SEALED,OTHER,465,0,,1,,T-1,1,0,0,REACTOR IS IN THE MAIN TANK IN A BAFFLE. THE REACTOR SAMPLING VALVE IS AT THE BOTTOM OF THE TAPCHANGER CABINET.
10049464,D-577699,XFMR,,161/69,WHITEBRIDGE RD,T1,TRN_IEEE_INC_69KV,OIL,SubTranLTC,GE,1964,,69,44.8,69.000,,INERT GAS-PRESSURE,OA/FA/FA,8485,0,,1,,T-1,1,0,,
10049464,D-577699,OLTC REACTOR,,OLTC,WHITEBRIDGE RD,T1,TRN_IEEE_INC_69KV,OIL,POWER TRANSFORMER,GE,1964,LRT 65 D3,69-13.8,44.8,69.000,,INERT GAS-PRESSURE,,100,0,,1,,,1,0,,"The reactor is located in the main tank. The sampling valve is usually located at the bottom of the LTC cabinet. Do not sample this routinely, only for fault analysis location."
10049465,D-577698,LTC,,OLTC,WHITEBRIDGE RD,T2,LTC_NONDIVERTER_A,OIL,SubTranLTC,GE,1964,LRT 65 D3,69,44.8,69.000,,SEALED,OTHER,465,0,,1,,T-2,1,0,0,REACTOR IS IN THE MAIN TANK IN A BAFFLE. THE REACTOR SAMPLING VALVE IS AT THE BOTTOM OF THE TAPCHANGER CABINET.
10049465,D-577698,XFMR,,161/69,WHITEBRIDGE RD,T2,TRN_IEEE_INC_69KV,OIL,SubTranLTC,GE,1964,,69,44.8,69.000,,INERT GAS-PRESSURE,OA/FA/FA,8485,0,,1,,T-2,1,0,,
10049465,D-577698,OLTC REACTOR,,OLTC,WHITEBRIDGE RD,T2,TRN_IEEE_INC_69KV,OIL,POWER TRANSFORMER,GE,1964,LRT 65 D3,69-13.8,44.8,69.000,,INERT GAS-PRESSURE,,100,0,,1,,,1,0,,"The reactor is located in the main tank. The sampling valve is usually located at the bottom of the LTC cabinet. Do not sample this routinely, only for fault analysis location."
10049466,XC57075-1,LTC,,OLTC,WHITES CREEK,T1,LTC_VACUUM_A,OIL,SubTranLTC,WEST,1979,UVW,161.7,67.2,161.700,,DESSICANT-BREATHING,,410,0,,1,,T-1,1,0,0,VACUTAP TAP CHANGER
10049466,XC57075-1,XFMR,,161/69,WHITES CREEK,T1,TRN_IEEE_INC_69_288KV,OIL,SubTranLTC,WEST,1979,,161.7,67.2,161.000,,CONSERVATOR/DIAPHRAGM,OA/FA/FOA,12038,0,,1,,T-1,1,0,,
10049569,G1686-03,LTC,,OLTC,WHITES CREEK,T2,LTC_VACUUM_A,OIL,SubTranLTC,REINHAUSEN,2006,RMV II,161.7,67.2,161.700,,DESSICANT-BREATHING,,345,0,,1,,T-2,1,0,0,
10049569,G1686-03,XFMR,,161/69,WHITES CREEK,T2,TRN_IEEE_INC_69_288KV,OIL,SubTranLTC,GE-PROLEC,2006,,161.7,67.2,161.700,,CONSERVATOR/DIAPHRAGM,OA/FA/FA,8584,1,,1,,T-2,1,0,,
10049562,97053693,LTC,,OLTC,WHITES CREEK,T3,LTC_VACUUM_A,OIL,SubTranLTC,REINHAUSEN,2006,RMV II,161.7,224,161.700,,DESSICANT-BREATHING,,345,0,,1,,T3,1,0,0,
10049562,97053693,XFMR,,161/69,WHITES CREEK,T3,TRN_IEEE_INC_69_288KV,OIL,SubTranLTC,PAUWELS,2007,,161.7,224,161.700,,CONSERVATOR/DIAPHRAGM,OA/FA/FA,14480,0,,1,,T3,1,0,,
